Copyright 1986-2021 Xilinx, Inc. All Rights Reserved.
---------------------------------------------------------------------------------------------------------------------------------------------------------------------------------------------------------------------------------------
| Tool Version : Vivado v.2021.2 (lin64) Build 3367213 Tue Oct 19 02:47:39 MDT 2021
| Date         : Thu Mar 26 19:36:12 2026
| Host         : cadence25 running 64-bit CentOS Linux release 7.9.2009 (Core)
| Command      : report_timing_summary -max_paths 10 -report_unconstrained -file top_vga_basys3_timing_summary_routed.rpt -pb top_vga_basys3_timing_summary_routed.pb -rpx top_vga_basys3_timing_summary_routed.rpx -warn_on_violation
| Design       : top_vga_basys3
| Device       : 7a35t-cpg236
| Speed File   : -1  PRODUCTION 1.23 2018-06-13
---------------------------------------------------------------------------------------------------------------------------------------------------------------------------------------------------------------------------------------

Timing Summary Report

------------------------------------------------------------------------------------------------
| Timer Settings
| --------------
------------------------------------------------------------------------------------------------

  Enable Multi Corner Analysis               :  Yes
  Enable Pessimism Removal                   :  Yes
  Pessimism Removal Resolution               :  Nearest Common Node
  Enable Input Delay Default Clock           :  No
  Enable Preset / Clear Arcs                 :  No
  Disable Flight Delays                      :  No
  Ignore I/O Paths                           :  No
  Timing Early Launch at Borrowing Latches   :  No
  Borrow Time for Max Delay Exceptions       :  Yes
  Merge Timing Exceptions                    :  Yes

  Corner  Analyze    Analyze    
  Name    Max Paths  Min Paths  
  ------  ---------  ---------  
  Slow    Yes        Yes        
  Fast    Yes        Yes        


------------------------------------------------------------------------------------------------
| Report Methodology
| ------------------
------------------------------------------------------------------------------------------------

Rule      Severity  Description                Violations  
--------  --------  -------------------------  ----------  
DPIR-1    Warning   Asynchronous driver check  12          
SYNTH-10  Warning   Wide multiplier            6           

Note: This report is based on the most recent report_methodology run and may not be up-to-date. Run report_methodology on the current design for the latest report.



check_timing report

Table of Contents
-----------------
1. checking no_clock (0)
2. checking constant_clock (0)
3. checking pulse_width_clock (0)
4. checking unconstrained_internal_endpoints (0)
5. checking no_input_delay (1)
6. checking no_output_delay (15)
7. checking multiple_clock (0)
8. checking generated_clocks (0)
9. checking loops (0)
10. checking partial_input_delay (0)
11. checking partial_output_delay (0)
12. checking latch_loops (0)

1. checking no_clock (0)
------------------------
 There are 0 register/latch pins with no clock.


2. checking constant_clock (0)
------------------------------
 There are 0 register/latch pins with constant_clock.


3. checking pulse_width_clock (0)
---------------------------------
 There are 0 register/latch pins which need pulse_width check


4. checking unconstrained_internal_endpoints (0)
------------------------------------------------
 There are 0 pins that are not constrained for maximum delay.

 There are 0 pins that are not constrained for maximum delay due to constant clock.


5. checking no_input_delay (1)
------------------------------
 There is 1 input port with no input delay specified. (HIGH)

 There are 0 input ports with no input delay but user has a false path constraint.


6. checking no_output_delay (15)
--------------------------------
 There are 15 ports with no output delay specified. (HIGH)

 There are 0 ports with no output delay but user has a false path constraint

 There are 0 ports with no output delay but with a timing clock defined on it or propagating through it


7. checking multiple_clock (0)
------------------------------
 There are 0 register/latch pins with multiple clocks.


8. checking generated_clocks (0)
--------------------------------
 There are 0 generated clocks that are not connected to a clock source.


9. checking loops (0)
---------------------
 There are 0 combinational loops in the design.


10. checking partial_input_delay (0)
------------------------------------
 There are 0 input ports with partial input delay specified.


11. checking partial_output_delay (0)
-------------------------------------
 There are 0 ports with partial output delay specified.


12. checking latch_loops (0)
----------------------------
 There are 0 combinational latch loops in the design through latch input



------------------------------------------------------------------------------------------------
| Design Timing Summary
| ---------------------
------------------------------------------------------------------------------------------------

    WNS(ns)      TNS(ns)  TNS Failing Endpoints  TNS Total Endpoints      WHS(ns)      THS(ns)  THS Failing Endpoints  THS Total Endpoints     WPWS(ns)     TPWS(ns)  TPWS Failing Endpoints  TPWS Total Endpoints  
    -------      -------  ---------------------  -------------------      -------      -------  ---------------------  -------------------     --------     --------  ----------------------  --------------------  
      6.551        0.000                      0                   60        0.122        0.000                      0                   60        3.000        0.000                       0                    55  


All user specified timing constraints are met.


------------------------------------------------------------------------------------------------
| Clock Summary
| -------------
------------------------------------------------------------------------------------------------

Clock        Waveform(ns)       Period(ns)      Frequency(MHz)
-----        ------------       ----------      --------------
sys_clk_pin  {0.000 5.000}      10.000          100.000         
  clk_fb     {0.000 5.000}      10.000          100.000         
  clk_out    {0.000 12.500}     25.000          40.000          


------------------------------------------------------------------------------------------------
| Intra Clock Table
| -----------------
------------------------------------------------------------------------------------------------

Clock             WNS(ns)      TNS(ns)  TNS Failing Endpoints  TNS Total Endpoints      WHS(ns)      THS(ns)  THS Failing Endpoints  THS Total Endpoints     WPWS(ns)     TPWS(ns)  TPWS Failing Endpoints  TPWS Total Endpoints  
-----             -------      -------  ---------------------  -------------------      -------      -------  ---------------------  -------------------     --------     --------  ----------------------  --------------------  
sys_clk_pin                                                                                                                                                     3.000        0.000                       0                     1  
  clk_fb                                                                                                                                                        8.751        0.000                       0                     2  
  clk_out           6.551        0.000                      0                   60        0.122        0.000                      0                   60       12.000        0.000                       0                    52  


------------------------------------------------------------------------------------------------
| Inter Clock Table
| -----------------
------------------------------------------------------------------------------------------------

From Clock    To Clock          WNS(ns)      TNS(ns)  TNS Failing Endpoints  TNS Total Endpoints      WHS(ns)      THS(ns)  THS Failing Endpoints  THS Total Endpoints  
----------    --------          -------      -------  ---------------------  -------------------      -------      -------  ---------------------  -------------------  


------------------------------------------------------------------------------------------------
| Other Path Groups Table
| -----------------------
------------------------------------------------------------------------------------------------

Path Group    From Clock    To Clock          WNS(ns)      TNS(ns)  TNS Failing Endpoints  TNS Total Endpoints      WHS(ns)      THS(ns)  THS Failing Endpoints  THS Total Endpoints  
----------    ----------    --------          -------      -------  ---------------------  -------------------      -------      -------  ---------------------  -------------------  


------------------------------------------------------------------------------------------------
| User Ignored Path Table
| -----------------------
------------------------------------------------------------------------------------------------

Path Group    From Clock    To Clock    
----------    ----------    --------    


------------------------------------------------------------------------------------------------
| Unconstrained Path Table
| ------------------------
------------------------------------------------------------------------------------------------

Path Group    From Clock    To Clock    
----------    ----------    --------    
(none)        clk_fb                      
(none)        clk_out                     
(none)                      clk_out       


------------------------------------------------------------------------------------------------
| Timing Details
| --------------
------------------------------------------------------------------------------------------------


---------------------------------------------------------------------------------------------------
From Clock:  sys_clk_pin
  To Clock:  sys_clk_pin

Setup :           NA  Failing Endpoints,  Worst Slack           NA  ,  Total Violation           NA
Hold  :           NA  Failing Endpoints,  Worst Slack           NA  ,  Total Violation           NA
PW    :            0  Failing Endpoints,  Worst Slack        3.000ns,  Total Violation        0.000ns
---------------------------------------------------------------------------------------------------


Pulse Width Checks
--------------------------------------------------------------------------------------
Clock Name:         sys_clk_pin
Waveform(ns):       { 0.000 5.000 }
Period(ns):         10.000
Sources:            { clk }

Check Type        Corner  Lib Pin            Reference Pin  Required(ns)  Actual(ns)  Slack(ns)  Location         Pin
Min Period        n/a     MMCME2_ADV/CLKIN1  n/a            1.249         10.000      8.751      MMCME2_ADV_X1Y0  clk_in_mmcme2/CLKIN1
Max Period        n/a     MMCME2_ADV/CLKIN1  n/a            100.000       10.000      90.000     MMCME2_ADV_X1Y0  clk_in_mmcme2/CLKIN1
Low Pulse Width   Slow    MMCME2_ADV/CLKIN1  n/a            2.000         5.000       3.000      MMCME2_ADV_X1Y0  clk_in_mmcme2/CLKIN1
Low Pulse Width   Fast    MMCME2_ADV/CLKIN1  n/a            2.000         5.000       3.000      MMCME2_ADV_X1Y0  clk_in_mmcme2/CLKIN1
High Pulse Width  Slow    MMCME2_ADV/CLKIN1  n/a            2.000         5.000       3.000      MMCME2_ADV_X1Y0  clk_in_mmcme2/CLKIN1
High Pulse Width  Fast    MMCME2_ADV/CLKIN1  n/a            2.000         5.000       3.000      MMCME2_ADV_X1Y0  clk_in_mmcme2/CLKIN1



---------------------------------------------------------------------------------------------------
From Clock:  clk_fb
  To Clock:  clk_fb

Setup :           NA  Failing Endpoints,  Worst Slack           NA  ,  Total Violation           NA
Hold  :           NA  Failing Endpoints,  Worst Slack           NA  ,  Total Violation           NA
PW    :            0  Failing Endpoints,  Worst Slack        8.751ns,  Total Violation        0.000ns
---------------------------------------------------------------------------------------------------


Pulse Width Checks
--------------------------------------------------------------------------------------
Clock Name:         clk_fb
Waveform(ns):       { 0.000 5.000 }
Period(ns):         10.000
Sources:            { clk_in_mmcme2/CLKFBOUT }

Check Type  Corner  Lib Pin              Reference Pin  Required(ns)  Actual(ns)  Slack(ns)  Location         Pin
Min Period  n/a     MMCME2_ADV/CLKFBOUT  n/a            1.249         10.000      8.751      MMCME2_ADV_X1Y0  clk_in_mmcme2/CLKFBOUT
Min Period  n/a     MMCME2_ADV/CLKFBIN   n/a            1.249         10.000      8.751      MMCME2_ADV_X1Y0  clk_in_mmcme2/CLKFBIN
Max Period  n/a     MMCME2_ADV/CLKFBIN   n/a            100.000       10.000      90.000     MMCME2_ADV_X1Y0  clk_in_mmcme2/CLKFBIN
Max Period  n/a     MMCME2_ADV/CLKFBOUT  n/a            213.360       10.000      203.360    MMCME2_ADV_X1Y0  clk_in_mmcme2/CLKFBOUT



---------------------------------------------------------------------------------------------------
From Clock:  clk_out
  To Clock:  clk_out

Setup :            0  Failing Endpoints,  Worst Slack        6.551ns,  Total Violation        0.000ns
Hold  :            0  Failing Endpoints,  Worst Slack        0.122ns,  Total Violation        0.000ns
PW    :            0  Failing Endpoints,  Worst Slack       12.000ns,  Total Violation        0.000ns
---------------------------------------------------------------------------------------------------


Max Delay Paths
--------------------------------------------------------------------------------------
Slack (MET) :             6.551ns  (required time - arrival time)
  Source:                 u_top_vga/u_vga_timing/vcount_reg[4]/C
                            (rising edge-triggered cell FDCE clocked by clk_out  {rise@0.000ns fall@12.500ns period=25.000ns})
  Destination:            u_top_vga/u_draw_bg/rgb_out_reg[6]_lopt_replica/D
                            (rising edge-triggered cell FDRE clocked by clk_out  {rise@0.000ns fall@12.500ns period=25.000ns})
  Path Group:             clk_out
  Path Type:              Setup (Max at Slow Process Corner)
  Requirement:            25.000ns  (clk_out rise@25.000ns - clk_out rise@0.000ns)
  Data Path Delay:        18.067ns  (logic 9.537ns (52.787%)  route 8.530ns (47.213%))
  Logic Levels:           15  (CARRY4=4 DSP48E1=2 LUT2=2 LUT4=4 LUT5=1 LUT6=2)
  Clock Path Skew:        -0.028ns (DCD - SCD + CPR)
    Destination Clock Delay (DCD):    5.819ns = ( 30.819 - 25.000 ) 
    Source Clock Delay      (SCD):    6.159ns
    Clock Pessimism Removal (CPR):    0.312ns
  Clock Uncertainty:      0.085ns  ((TSJ^2 + DJ^2)^1/2) / 2 + PE
    Total System Jitter     (TSJ):    0.071ns
    Discrete Jitter          (DJ):    0.154ns
    Phase Error              (PE):    0.000ns

    Location             Delay type                Incr(ns)  Path(ns)    Netlist Resource(s)
  -------------------------------------------------------------------    -------------------
                         (clock clk_out rise edge)    0.000     0.000 r  
    W5                                                0.000     0.000 r  clk (IN)
                         net (fo=0)                   0.000     0.000    clk
    W5                   IBUF (Prop_ibuf_I_O)         1.458     1.458 r  clk_ibuf/O
                         net (fo=1, routed)           1.233     2.691    clk_in
    MMCME2_ADV_X1Y0      MMCME2_ADV (Prop_mmcme2_adv_CLKIN1_CLKOUT0)
                                                      0.088     2.779 r  clk_in_mmcme2/CLKOUT0
                         net (fo=2, routed)           1.661     4.441    clk_out
    BUFGCTRL_X0Y0        BUFGCTRL (Prop_bufgctrl_I0_O)
                                                      0.096     4.537 r  clk_out_bufgce/O
                         net (fo=41, routed)          1.622     6.159    u_top_vga/u_vga_timing/CLK
    SLICE_X7Y29          FDCE                                         r  u_top_vga/u_vga_timing/vcount_reg[4]/C
  -------------------------------------------------------------------    -------------------
    SLICE_X7Y29          FDCE (Prop_fdce_C_Q)         0.456     6.615 f  u_top_vga/u_vga_timing/vcount_reg[4]/Q
                         net (fo=17, routed)          1.257     7.872    u_top_vga/u_vga_timing/Q[3]
    SLICE_X9Y29          LUT4 (Prop_lut4_I1_O)        0.152     8.024 r  u_top_vga/u_vga_timing/rgb_nxt7_i_13/O
                         net (fo=4, routed)           0.453     8.477    u_top_vga/u_vga_timing/rgb_nxt7_i_13_n_0
    SLICE_X9Y29          LUT4 (Prop_lut4_I3_O)        0.332     8.809 f  u_top_vga/u_vga_timing/rgb_nxt7_i_12/O
                         net (fo=3, routed)           0.413     9.222    u_top_vga/u_vga_timing/rgb_nxt7_i_12_n_0
    SLICE_X9Y29          LUT4 (Prop_lut4_I3_O)        0.120     9.342 r  u_top_vga/u_vga_timing/rgb_nxt7_i_1/O
                         net (fo=54, routed)          1.088    10.430    u_top_vga/u_draw_bg/B[0]
    DSP48_X0Y8           DSP48E1 (Prop_dsp48e1_A[15]_PCOUT[47])
                                                      4.239    14.669 r  u_top_vga/u_draw_bg/rgb_nxt7__0/PCOUT[47]
                         net (fo=1, routed)           0.002    14.671    u_top_vga/u_draw_bg/rgb_nxt7__0_n_106
    DSP48_X0Y9           DSP48E1 (Prop_dsp48e1_PCIN[47]_P[5])
                                                      1.518    16.189 r  u_top_vga/u_draw_bg/rgb_nxt7__1/P[5]
                         net (fo=2, routed)           1.465    17.655    u_top_vga/u_draw_bg/rgb_nxt7__1_n_100
    SLICE_X12Y28         LUT2 (Prop_lut2_I0_O)        0.124    17.779 r  u_top_vga/u_draw_bg/rgb_nxt7_carry__0_i_2/O
                         net (fo=1, routed)           0.000    17.779    u_top_vga/u_draw_bg/rgb_nxt7_carry__0_i_2_n_0
    SLICE_X12Y28         CARRY4 (Prop_carry4_S[2]_CO[3])
                                                      0.380    18.159 r  u_top_vga/u_draw_bg/rgb_nxt7_carry__0/CO[3]
                         net (fo=1, routed)           0.000    18.159    u_top_vga/u_draw_bg/rgb_nxt7_carry__0_n_0
    SLICE_X12Y29         CARRY4 (Prop_carry4_CI_O[1])
                                                      0.323    18.482 r  u_top_vga/u_draw_bg/rgb_nxt7_carry__1/O[1]
                         net (fo=1, routed)           0.704    19.186    u_top_vga/u_draw_bg/rgb_nxt7_carry__1_n_6
    SLICE_X11Y32         LUT2 (Prop_lut2_I1_O)        0.306    19.492 r  u_top_vga/u_draw_bg/rgb_nxt6_carry__5_i_3/O
                         net (fo=1, routed)           0.000    19.492    u_top_vga/u_draw_bg/rgb_nxt6_carry__5_i_3_n_0
    SLICE_X11Y32         CARRY4 (Prop_carry4_S[1]_CO[3])
                                                      0.550    20.042 r  u_top_vga/u_draw_bg/rgb_nxt6_carry__5/CO[3]
                         net (fo=1, routed)           0.000    20.042    u_top_vga/u_draw_bg/rgb_nxt6_carry__5_n_0
    SLICE_X11Y33         CARRY4 (Prop_carry4_CI_O[1])
                                                      0.334    20.376 f  u_top_vga/u_draw_bg/rgb_nxt6_carry__6/O[1]
                         net (fo=1, routed)           0.505    20.881    u_top_vga/u_draw_bg/rgb_nxt6[29]
    SLICE_X10Y32         LUT4 (Prop_lut4_I3_O)        0.303    21.184 f  u_top_vga/u_draw_bg/rgb_out[11]_i_22/O
                         net (fo=1, routed)           0.708    21.892    u_top_vga/u_draw_bg/rgb_out[11]_i_22_n_0
    SLICE_X10Y31         LUT6 (Prop_lut6_I1_O)        0.124    22.016 f  u_top_vga/u_draw_bg/rgb_out[11]_i_10/O
                         net (fo=1, routed)           0.161    22.177    u_top_vga/u_draw_bg/rgb_out[11]_i_10_n_0
    SLICE_X10Y31         LUT6 (Prop_lut6_I3_O)        0.124    22.301 f  u_top_vga/u_draw_bg/rgb_out[11]_i_4/O
                         net (fo=5, routed)           1.222    23.523    u_top_vga/u_vga_timing/rgb_out_reg[7]
    SLICE_X2Y33          LUT5 (Prop_lut5_I3_O)        0.152    23.675 r  u_top_vga/u_vga_timing/rgb_out[6]_i_1/O
                         net (fo=3, routed)           0.552    24.226    u_top_vga/u_draw_bg/D[2]
    SLICE_X2Y35          FDRE                                         r  u_top_vga/u_draw_bg/rgb_out_reg[6]_lopt_replica/D
  -------------------------------------------------------------------    -------------------

                         (clock clk_out rise edge)   25.000    25.000 r  
    W5                                                0.000    25.000 r  clk (IN)
                         net (fo=0)                   0.000    25.000    clk
    W5                   IBUF (Prop_ibuf_I_O)         1.388    26.388 r  clk_ibuf/O
                         net (fo=1, routed)           1.162    27.550    clk_in
    MMCME2_ADV_X1Y0      MMCME2_ADV (Prop_mmcme2_adv_CLKIN1_CLKOUT0)
                                                      0.083    27.633 r  clk_in_mmcme2/CLKOUT0
                         net (fo=2, routed)           1.581    29.214    clk_out
    BUFGCTRL_X0Y0        BUFGCTRL (Prop_bufgctrl_I0_O)
                                                      0.091    29.305 r  clk_out_bufgce/O
                         net (fo=41, routed)          1.514    30.819    u_top_vga/u_draw_bg/CLK
    SLICE_X2Y35          FDRE                                         r  u_top_vga/u_draw_bg/rgb_out_reg[6]_lopt_replica/C
                         clock pessimism              0.312    31.131    
                         clock uncertainty           -0.085    31.047    
    SLICE_X2Y35          FDRE (Setup_fdre_C_D)       -0.269    30.778    u_top_vga/u_draw_bg/rgb_out_reg[6]_lopt_replica
  -------------------------------------------------------------------
                         required time                         30.778    
                         arrival time                         -24.226    
  -------------------------------------------------------------------
                         slack                                  6.551    

Slack (MET) :             6.626ns  (required time - arrival time)
  Source:                 u_top_vga/u_vga_timing/vcount_reg[4]/C
                            (rising edge-triggered cell FDCE clocked by clk_out  {rise@0.000ns fall@12.500ns period=25.000ns})
  Destination:            u_top_vga/u_draw_bg/rgb_out_reg[6]/D
                            (rising edge-triggered cell FDRE clocked by clk_out  {rise@0.000ns fall@12.500ns period=25.000ns})
  Path Group:             clk_out
  Path Type:              Setup (Max at Slow Process Corner)
  Requirement:            25.000ns  (clk_out rise@25.000ns - clk_out rise@0.000ns)
  Data Path Delay:        18.006ns  (logic 9.537ns (52.964%)  route 8.469ns (47.036%))
  Logic Levels:           15  (CARRY4=4 DSP48E1=2 LUT2=2 LUT4=4 LUT5=1 LUT6=2)
  Clock Path Skew:        -0.028ns (DCD - SCD + CPR)
    Destination Clock Delay (DCD):    5.819ns = ( 30.819 - 25.000 ) 
    Source Clock Delay      (SCD):    6.159ns
    Clock Pessimism Removal (CPR):    0.312ns
  Clock Uncertainty:      0.085ns  ((TSJ^2 + DJ^2)^1/2) / 2 + PE
    Total System Jitter     (TSJ):    0.071ns
    Discrete Jitter          (DJ):    0.154ns
    Phase Error              (PE):    0.000ns

    Location             Delay type                Incr(ns)  Path(ns)    Netlist Resource(s)
  -------------------------------------------------------------------    -------------------
                         (clock clk_out rise edge)    0.000     0.000 r  
    W5                                                0.000     0.000 r  clk (IN)
                         net (fo=0)                   0.000     0.000    clk
    W5                   IBUF (Prop_ibuf_I_O)         1.458     1.458 r  clk_ibuf/O
                         net (fo=1, routed)           1.233     2.691    clk_in
    MMCME2_ADV_X1Y0      MMCME2_ADV (Prop_mmcme2_adv_CLKIN1_CLKOUT0)
                                                      0.088     2.779 r  clk_in_mmcme2/CLKOUT0
                         net (fo=2, routed)           1.661     4.441    clk_out
    BUFGCTRL_X0Y0        BUFGCTRL (Prop_bufgctrl_I0_O)
                                                      0.096     4.537 r  clk_out_bufgce/O
                         net (fo=41, routed)          1.622     6.159    u_top_vga/u_vga_timing/CLK
    SLICE_X7Y29          FDCE                                         r  u_top_vga/u_vga_timing/vcount_reg[4]/C
  -------------------------------------------------------------------    -------------------
    SLICE_X7Y29          FDCE (Prop_fdce_C_Q)         0.456     6.615 f  u_top_vga/u_vga_timing/vcount_reg[4]/Q
                         net (fo=17, routed)          1.257     7.872    u_top_vga/u_vga_timing/Q[3]
    SLICE_X9Y29          LUT4 (Prop_lut4_I1_O)        0.152     8.024 r  u_top_vga/u_vga_timing/rgb_nxt7_i_13/O
                         net (fo=4, routed)           0.453     8.477    u_top_vga/u_vga_timing/rgb_nxt7_i_13_n_0
    SLICE_X9Y29          LUT4 (Prop_lut4_I3_O)        0.332     8.809 f  u_top_vga/u_vga_timing/rgb_nxt7_i_12/O
                         net (fo=3, routed)           0.413     9.222    u_top_vga/u_vga_timing/rgb_nxt7_i_12_n_0
    SLICE_X9Y29          LUT4 (Prop_lut4_I3_O)        0.120     9.342 r  u_top_vga/u_vga_timing/rgb_nxt7_i_1/O
                         net (fo=54, routed)          1.088    10.430    u_top_vga/u_draw_bg/B[0]
    DSP48_X0Y8           DSP48E1 (Prop_dsp48e1_A[15]_PCOUT[47])
                                                      4.239    14.669 r  u_top_vga/u_draw_bg/rgb_nxt7__0/PCOUT[47]
                         net (fo=1, routed)           0.002    14.671    u_top_vga/u_draw_bg/rgb_nxt7__0_n_106
    DSP48_X0Y9           DSP48E1 (Prop_dsp48e1_PCIN[47]_P[5])
                                                      1.518    16.189 r  u_top_vga/u_draw_bg/rgb_nxt7__1/P[5]
                         net (fo=2, routed)           1.465    17.655    u_top_vga/u_draw_bg/rgb_nxt7__1_n_100
    SLICE_X12Y28         LUT2 (Prop_lut2_I0_O)        0.124    17.779 r  u_top_vga/u_draw_bg/rgb_nxt7_carry__0_i_2/O
                         net (fo=1, routed)           0.000    17.779    u_top_vga/u_draw_bg/rgb_nxt7_carry__0_i_2_n_0
    SLICE_X12Y28         CARRY4 (Prop_carry4_S[2]_CO[3])
                                                      0.380    18.159 r  u_top_vga/u_draw_bg/rgb_nxt7_carry__0/CO[3]
                         net (fo=1, routed)           0.000    18.159    u_top_vga/u_draw_bg/rgb_nxt7_carry__0_n_0
    SLICE_X12Y29         CARRY4 (Prop_carry4_CI_O[1])
                                                      0.323    18.482 r  u_top_vga/u_draw_bg/rgb_nxt7_carry__1/O[1]
                         net (fo=1, routed)           0.704    19.186    u_top_vga/u_draw_bg/rgb_nxt7_carry__1_n_6
    SLICE_X11Y32         LUT2 (Prop_lut2_I1_O)        0.306    19.492 r  u_top_vga/u_draw_bg/rgb_nxt6_carry__5_i_3/O
                         net (fo=1, routed)           0.000    19.492    u_top_vga/u_draw_bg/rgb_nxt6_carry__5_i_3_n_0
    SLICE_X11Y32         CARRY4 (Prop_carry4_S[1]_CO[3])
                                                      0.550    20.042 r  u_top_vga/u_draw_bg/rgb_nxt6_carry__5/CO[3]
                         net (fo=1, routed)           0.000    20.042    u_top_vga/u_draw_bg/rgb_nxt6_carry__5_n_0
    SLICE_X11Y33         CARRY4 (Prop_carry4_CI_O[1])
                                                      0.334    20.376 f  u_top_vga/u_draw_bg/rgb_nxt6_carry__6/O[1]
                         net (fo=1, routed)           0.505    20.881    u_top_vga/u_draw_bg/rgb_nxt6[29]
    SLICE_X10Y32         LUT4 (Prop_lut4_I3_O)        0.303    21.184 f  u_top_vga/u_draw_bg/rgb_out[11]_i_22/O
                         net (fo=1, routed)           0.708    21.892    u_top_vga/u_draw_bg/rgb_out[11]_i_22_n_0
    SLICE_X10Y31         LUT6 (Prop_lut6_I1_O)        0.124    22.016 f  u_top_vga/u_draw_bg/rgb_out[11]_i_10/O
                         net (fo=1, routed)           0.161    22.177    u_top_vga/u_draw_bg/rgb_out[11]_i_10_n_0
    SLICE_X10Y31         LUT6 (Prop_lut6_I3_O)        0.124    22.301 f  u_top_vga/u_draw_bg/rgb_out[11]_i_4/O
                         net (fo=5, routed)           1.222    23.523    u_top_vga/u_vga_timing/rgb_out_reg[7]
    SLICE_X2Y33          LUT5 (Prop_lut5_I3_O)        0.152    23.675 r  u_top_vga/u_vga_timing/rgb_out[6]_i_1/O
                         net (fo=3, routed)           0.491    24.166    u_top_vga/u_draw_bg/D[2]
    SLICE_X2Y35          FDRE                                         r  u_top_vga/u_draw_bg/rgb_out_reg[6]/D
  -------------------------------------------------------------------    -------------------

                         (clock clk_out rise edge)   25.000    25.000 r  
    W5                                                0.000    25.000 r  clk (IN)
                         net (fo=0)                   0.000    25.000    clk
    W5                   IBUF (Prop_ibuf_I_O)         1.388    26.388 r  clk_ibuf/O
                         net (fo=1, routed)           1.162    27.550    clk_in
    MMCME2_ADV_X1Y0      MMCME2_ADV (Prop_mmcme2_adv_CLKIN1_CLKOUT0)
                                                      0.083    27.633 r  clk_in_mmcme2/CLKOUT0
                         net (fo=2, routed)           1.581    29.214    clk_out
    BUFGCTRL_X0Y0        BUFGCTRL (Prop_bufgctrl_I0_O)
                                                      0.091    29.305 r  clk_out_bufgce/O
                         net (fo=41, routed)          1.514    30.819    u_top_vga/u_draw_bg/CLK
    SLICE_X2Y35          FDRE                                         r  u_top_vga/u_draw_bg/rgb_out_reg[6]/C
                         clock pessimism              0.312    31.131    
                         clock uncertainty           -0.085    31.047    
    SLICE_X2Y35          FDRE (Setup_fdre_C_D)       -0.255    30.792    u_top_vga/u_draw_bg/rgb_out_reg[6]
  -------------------------------------------------------------------
                         required time                         30.792    
                         arrival time                         -24.166    
  -------------------------------------------------------------------
                         slack                                  6.626    

Slack (MET) :             6.758ns  (required time - arrival time)
  Source:                 u_top_vga/u_vga_timing/vcount_reg[4]/C
                            (rising edge-triggered cell FDCE clocked by clk_out  {rise@0.000ns fall@12.500ns period=25.000ns})
  Destination:            u_top_vga/u_draw_bg/rgb_out_reg[6]_lopt_replica_2/D
                            (rising edge-triggered cell FDRE clocked by clk_out  {rise@0.000ns fall@12.500ns period=25.000ns})
  Path Group:             clk_out
  Path Type:              Setup (Max at Slow Process Corner)
  Requirement:            25.000ns  (clk_out rise@25.000ns - clk_out rise@0.000ns)
  Data Path Delay:        17.878ns  (logic 9.537ns (53.346%)  route 8.341ns (46.654%))
  Logic Levels:           15  (CARRY4=4 DSP48E1=2 LUT2=2 LUT4=4 LUT5=1 LUT6=2)
  Clock Path Skew:        -0.028ns (DCD - SCD + CPR)
    Destination Clock Delay (DCD):    5.819ns = ( 30.819 - 25.000 ) 
    Source Clock Delay      (SCD):    6.159ns
    Clock Pessimism Removal (CPR):    0.312ns
  Clock Uncertainty:      0.085ns  ((TSJ^2 + DJ^2)^1/2) / 2 + PE
    Total System Jitter     (TSJ):    0.071ns
    Discrete Jitter          (DJ):    0.154ns
    Phase Error              (PE):    0.000ns

    Location             Delay type                Incr(ns)  Path(ns)    Netlist Resource(s)
  -------------------------------------------------------------------    -------------------
                         (clock clk_out rise edge)    0.000     0.000 r  
    W5                                                0.000     0.000 r  clk (IN)
                         net (fo=0)                   0.000     0.000    clk
    W5                   IBUF (Prop_ibuf_I_O)         1.458     1.458 r  clk_ibuf/O
                         net (fo=1, routed)           1.233     2.691    clk_in
    MMCME2_ADV_X1Y0      MMCME2_ADV (Prop_mmcme2_adv_CLKIN1_CLKOUT0)
                                                      0.088     2.779 r  clk_in_mmcme2/CLKOUT0
                         net (fo=2, routed)           1.661     4.441    clk_out
    BUFGCTRL_X0Y0        BUFGCTRL (Prop_bufgctrl_I0_O)
                                                      0.096     4.537 r  clk_out_bufgce/O
                         net (fo=41, routed)          1.622     6.159    u_top_vga/u_vga_timing/CLK
    SLICE_X7Y29          FDCE                                         r  u_top_vga/u_vga_timing/vcount_reg[4]/C
  -------------------------------------------------------------------    -------------------
    SLICE_X7Y29          FDCE (Prop_fdce_C_Q)         0.456     6.615 f  u_top_vga/u_vga_timing/vcount_reg[4]/Q
                         net (fo=17, routed)          1.257     7.872    u_top_vga/u_vga_timing/Q[3]
    SLICE_X9Y29          LUT4 (Prop_lut4_I1_O)        0.152     8.024 r  u_top_vga/u_vga_timing/rgb_nxt7_i_13/O
                         net (fo=4, routed)           0.453     8.477    u_top_vga/u_vga_timing/rgb_nxt7_i_13_n_0
    SLICE_X9Y29          LUT4 (Prop_lut4_I3_O)        0.332     8.809 f  u_top_vga/u_vga_timing/rgb_nxt7_i_12/O
                         net (fo=3, routed)           0.413     9.222    u_top_vga/u_vga_timing/rgb_nxt7_i_12_n_0
    SLICE_X9Y29          LUT4 (Prop_lut4_I3_O)        0.120     9.342 r  u_top_vga/u_vga_timing/rgb_nxt7_i_1/O
                         net (fo=54, routed)          1.088    10.430    u_top_vga/u_draw_bg/B[0]
    DSP48_X0Y8           DSP48E1 (Prop_dsp48e1_A[15]_PCOUT[47])
                                                      4.239    14.669 r  u_top_vga/u_draw_bg/rgb_nxt7__0/PCOUT[47]
                         net (fo=1, routed)           0.002    14.671    u_top_vga/u_draw_bg/rgb_nxt7__0_n_106
    DSP48_X0Y9           DSP48E1 (Prop_dsp48e1_PCIN[47]_P[5])
                                                      1.518    16.189 r  u_top_vga/u_draw_bg/rgb_nxt7__1/P[5]
                         net (fo=2, routed)           1.465    17.655    u_top_vga/u_draw_bg/rgb_nxt7__1_n_100
    SLICE_X12Y28         LUT2 (Prop_lut2_I0_O)        0.124    17.779 r  u_top_vga/u_draw_bg/rgb_nxt7_carry__0_i_2/O
                         net (fo=1, routed)           0.000    17.779    u_top_vga/u_draw_bg/rgb_nxt7_carry__0_i_2_n_0
    SLICE_X12Y28         CARRY4 (Prop_carry4_S[2]_CO[3])
                                                      0.380    18.159 r  u_top_vga/u_draw_bg/rgb_nxt7_carry__0/CO[3]
                         net (fo=1, routed)           0.000    18.159    u_top_vga/u_draw_bg/rgb_nxt7_carry__0_n_0
    SLICE_X12Y29         CARRY4 (Prop_carry4_CI_O[1])
                                                      0.323    18.482 r  u_top_vga/u_draw_bg/rgb_nxt7_carry__1/O[1]
                         net (fo=1, routed)           0.704    19.186    u_top_vga/u_draw_bg/rgb_nxt7_carry__1_n_6
    SLICE_X11Y32         LUT2 (Prop_lut2_I1_O)        0.306    19.492 r  u_top_vga/u_draw_bg/rgb_nxt6_carry__5_i_3/O
                         net (fo=1, routed)           0.000    19.492    u_top_vga/u_draw_bg/rgb_nxt6_carry__5_i_3_n_0
    SLICE_X11Y32         CARRY4 (Prop_carry4_S[1]_CO[3])
                                                      0.550    20.042 r  u_top_vga/u_draw_bg/rgb_nxt6_carry__5/CO[3]
                         net (fo=1, routed)           0.000    20.042    u_top_vga/u_draw_bg/rgb_nxt6_carry__5_n_0
    SLICE_X11Y33         CARRY4 (Prop_carry4_CI_O[1])
                                                      0.334    20.376 f  u_top_vga/u_draw_bg/rgb_nxt6_carry__6/O[1]
                         net (fo=1, routed)           0.505    20.881    u_top_vga/u_draw_bg/rgb_nxt6[29]
    SLICE_X10Y32         LUT4 (Prop_lut4_I3_O)        0.303    21.184 f  u_top_vga/u_draw_bg/rgb_out[11]_i_22/O
                         net (fo=1, routed)           0.708    21.892    u_top_vga/u_draw_bg/rgb_out[11]_i_22_n_0
    SLICE_X10Y31         LUT6 (Prop_lut6_I1_O)        0.124    22.016 f  u_top_vga/u_draw_bg/rgb_out[11]_i_10/O
                         net (fo=1, routed)           0.161    22.177    u_top_vga/u_draw_bg/rgb_out[11]_i_10_n_0
    SLICE_X10Y31         LUT6 (Prop_lut6_I3_O)        0.124    22.301 f  u_top_vga/u_draw_bg/rgb_out[11]_i_4/O
                         net (fo=5, routed)           1.222    23.523    u_top_vga/u_vga_timing/rgb_out_reg[7]
    SLICE_X2Y33          LUT5 (Prop_lut5_I3_O)        0.152    23.675 r  u_top_vga/u_vga_timing/rgb_out[6]_i_1/O
                         net (fo=3, routed)           0.362    24.037    u_top_vga/u_draw_bg/D[2]
    SLICE_X2Y35          FDRE                                         r  u_top_vga/u_draw_bg/rgb_out_reg[6]_lopt_replica_2/D
  -------------------------------------------------------------------    -------------------

                         (clock clk_out rise edge)   25.000    25.000 r  
    W5                                                0.000    25.000 r  clk (IN)
                         net (fo=0)                   0.000    25.000    clk
    W5                   IBUF (Prop_ibuf_I_O)         1.388    26.388 r  clk_ibuf/O
                         net (fo=1, routed)           1.162    27.550    clk_in
    MMCME2_ADV_X1Y0      MMCME2_ADV (Prop_mmcme2_adv_CLKIN1_CLKOUT0)
                                                      0.083    27.633 r  clk_in_mmcme2/CLKOUT0
                         net (fo=2, routed)           1.581    29.214    clk_out
    BUFGCTRL_X0Y0        BUFGCTRL (Prop_bufgctrl_I0_O)
                                                      0.091    29.305 r  clk_out_bufgce/O
                         net (fo=41, routed)          1.514    30.819    u_top_vga/u_draw_bg/CLK
    SLICE_X2Y35          FDRE                                         r  u_top_vga/u_draw_bg/rgb_out_reg[6]_lopt_replica_2/C
                         clock pessimism              0.312    31.131    
                         clock uncertainty           -0.085    31.047    
    SLICE_X2Y35          FDRE (Setup_fdre_C_D)       -0.252    30.795    u_top_vga/u_draw_bg/rgb_out_reg[6]_lopt_replica_2
  -------------------------------------------------------------------
                         required time                         30.795    
                         arrival time                         -24.037    
  -------------------------------------------------------------------
                         slack                                  6.758    

Slack (MET) :             6.802ns  (required time - arrival time)
  Source:                 u_top_vga/u_vga_timing/vcount_reg[4]/C
                            (rising edge-triggered cell FDCE clocked by clk_out  {rise@0.000ns fall@12.500ns period=25.000ns})
  Destination:            u_top_vga/u_draw_bg/rgb_out_reg[11]/D
                            (rising edge-triggered cell FDRE clocked by clk_out  {rise@0.000ns fall@12.500ns period=25.000ns})
  Path Group:             clk_out
  Path Type:              Setup (Max at Slow Process Corner)
  Requirement:            25.000ns  (clk_out rise@25.000ns - clk_out rise@0.000ns)
  Data Path Delay:        18.056ns  (logic 9.509ns (52.665%)  route 8.547ns (47.335%))
  Logic Levels:           15  (CARRY4=4 DSP48E1=2 LUT2=2 LUT3=1 LUT4=4 LUT6=2)
  Clock Path Skew:        -0.030ns (DCD - SCD + CPR)
    Destination Clock Delay (DCD):    5.817ns = ( 30.817 - 25.000 ) 
    Source Clock Delay      (SCD):    6.159ns
    Clock Pessimism Removal (CPR):    0.312ns
  Clock Uncertainty:      0.085ns  ((TSJ^2 + DJ^2)^1/2) / 2 + PE
    Total System Jitter     (TSJ):    0.071ns
    Discrete Jitter          (DJ):    0.154ns
    Phase Error              (PE):    0.000ns

    Location             Delay type                Incr(ns)  Path(ns)    Netlist Resource(s)
  -------------------------------------------------------------------    -------------------
                         (clock clk_out rise edge)    0.000     0.000 r  
    W5                                                0.000     0.000 r  clk (IN)
                         net (fo=0)                   0.000     0.000    clk
    W5                   IBUF (Prop_ibuf_I_O)         1.458     1.458 r  clk_ibuf/O
                         net (fo=1, routed)           1.233     2.691    clk_in
    MMCME2_ADV_X1Y0      MMCME2_ADV (Prop_mmcme2_adv_CLKIN1_CLKOUT0)
                                                      0.088     2.779 r  clk_in_mmcme2/CLKOUT0
                         net (fo=2, routed)           1.661     4.441    clk_out
    BUFGCTRL_X0Y0        BUFGCTRL (Prop_bufgctrl_I0_O)
                                                      0.096     4.537 r  clk_out_bufgce/O
                         net (fo=41, routed)          1.622     6.159    u_top_vga/u_vga_timing/CLK
    SLICE_X7Y29          FDCE                                         r  u_top_vga/u_vga_timing/vcount_reg[4]/C
  -------------------------------------------------------------------    -------------------
    SLICE_X7Y29          FDCE (Prop_fdce_C_Q)         0.456     6.615 f  u_top_vga/u_vga_timing/vcount_reg[4]/Q
                         net (fo=17, routed)          1.257     7.872    u_top_vga/u_vga_timing/Q[3]
    SLICE_X9Y29          LUT4 (Prop_lut4_I1_O)        0.152     8.024 r  u_top_vga/u_vga_timing/rgb_nxt7_i_13/O
                         net (fo=4, routed)           0.453     8.477    u_top_vga/u_vga_timing/rgb_nxt7_i_13_n_0
    SLICE_X9Y29          LUT4 (Prop_lut4_I3_O)        0.332     8.809 f  u_top_vga/u_vga_timing/rgb_nxt7_i_12/O
                         net (fo=3, routed)           0.413     9.222    u_top_vga/u_vga_timing/rgb_nxt7_i_12_n_0
    SLICE_X9Y29          LUT4 (Prop_lut4_I3_O)        0.120     9.342 r  u_top_vga/u_vga_timing/rgb_nxt7_i_1/O
                         net (fo=54, routed)          1.088    10.430    u_top_vga/u_draw_bg/B[0]
    DSP48_X0Y8           DSP48E1 (Prop_dsp48e1_A[15]_PCOUT[47])
                                                      4.239    14.669 r  u_top_vga/u_draw_bg/rgb_nxt7__0/PCOUT[47]
                         net (fo=1, routed)           0.002    14.671    u_top_vga/u_draw_bg/rgb_nxt7__0_n_106
    DSP48_X0Y9           DSP48E1 (Prop_dsp48e1_PCIN[47]_P[5])
                                                      1.518    16.189 r  u_top_vga/u_draw_bg/rgb_nxt7__1/P[5]
                         net (fo=2, routed)           1.465    17.655    u_top_vga/u_draw_bg/rgb_nxt7__1_n_100
    SLICE_X12Y28         LUT2 (Prop_lut2_I0_O)        0.124    17.779 r  u_top_vga/u_draw_bg/rgb_nxt7_carry__0_i_2/O
                         net (fo=1, routed)           0.000    17.779    u_top_vga/u_draw_bg/rgb_nxt7_carry__0_i_2_n_0
    SLICE_X12Y28         CARRY4 (Prop_carry4_S[2]_CO[3])
                                                      0.380    18.159 r  u_top_vga/u_draw_bg/rgb_nxt7_carry__0/CO[3]
                         net (fo=1, routed)           0.000    18.159    u_top_vga/u_draw_bg/rgb_nxt7_carry__0_n_0
    SLICE_X12Y29         CARRY4 (Prop_carry4_CI_O[1])
                                                      0.323    18.482 r  u_top_vga/u_draw_bg/rgb_nxt7_carry__1/O[1]
                         net (fo=1, routed)           0.704    19.186    u_top_vga/u_draw_bg/rgb_nxt7_carry__1_n_6
    SLICE_X11Y32         LUT2 (Prop_lut2_I1_O)        0.306    19.492 r  u_top_vga/u_draw_bg/rgb_nxt6_carry__5_i_3/O
                         net (fo=1, routed)           0.000    19.492    u_top_vga/u_draw_bg/rgb_nxt6_carry__5_i_3_n_0
    SLICE_X11Y32         CARRY4 (Prop_carry4_S[1]_CO[3])
                                                      0.550    20.042 r  u_top_vga/u_draw_bg/rgb_nxt6_carry__5/CO[3]
                         net (fo=1, routed)           0.000    20.042    u_top_vga/u_draw_bg/rgb_nxt6_carry__5_n_0
    SLICE_X11Y33         CARRY4 (Prop_carry4_CI_O[1])
                                                      0.334    20.376 r  u_top_vga/u_draw_bg/rgb_nxt6_carry__6/O[1]
                         net (fo=1, routed)           0.505    20.881    u_top_vga/u_draw_bg/rgb_nxt6[29]
    SLICE_X10Y32         LUT4 (Prop_lut4_I3_O)        0.303    21.184 r  u_top_vga/u_draw_bg/rgb_out[11]_i_22/O
                         net (fo=1, routed)           0.708    21.892    u_top_vga/u_draw_bg/rgb_out[11]_i_22_n_0
    SLICE_X10Y31         LUT6 (Prop_lut6_I1_O)        0.124    22.016 r  u_top_vga/u_draw_bg/rgb_out[11]_i_10/O
                         net (fo=1, routed)           0.161    22.177    u_top_vga/u_draw_bg/rgb_out[11]_i_10_n_0
    SLICE_X10Y31         LUT6 (Prop_lut6_I3_O)        0.124    22.301 r  u_top_vga/u_draw_bg/rgb_out[11]_i_4/O
                         net (fo=5, routed)           1.222    23.523    u_top_vga/u_vga_timing/rgb_out_reg[7]
    SLICE_X2Y33          LUT3 (Prop_lut3_I1_O)        0.124    23.647 r  u_top_vga/u_vga_timing/rgb_out[11]_i_2/O
                         net (fo=1, routed)           0.568    24.215    u_top_vga/u_draw_bg/D[5]
    SLICE_X2Y33          FDRE                                         r  u_top_vga/u_draw_bg/rgb_out_reg[11]/D
  -------------------------------------------------------------------    -------------------

                         (clock clk_out rise edge)   25.000    25.000 r  
    W5                                                0.000    25.000 r  clk (IN)
                         net (fo=0)                   0.000    25.000    clk
    W5                   IBUF (Prop_ibuf_I_O)         1.388    26.388 r  clk_ibuf/O
                         net (fo=1, routed)           1.162    27.550    clk_in
    MMCME2_ADV_X1Y0      MMCME2_ADV (Prop_mmcme2_adv_CLKIN1_CLKOUT0)
                                                      0.083    27.633 r  clk_in_mmcme2/CLKOUT0
                         net (fo=2, routed)           1.581    29.214    clk_out
    BUFGCTRL_X0Y0        BUFGCTRL (Prop_bufgctrl_I0_O)
                                                      0.091    29.305 r  clk_out_bufgce/O
                         net (fo=41, routed)          1.512    30.817    u_top_vga/u_draw_bg/CLK
    SLICE_X2Y33          FDRE                                         r  u_top_vga/u_draw_bg/rgb_out_reg[11]/C
                         clock pessimism              0.312    31.129    
                         clock uncertainty           -0.085    31.045    
    SLICE_X2Y33          FDRE (Setup_fdre_C_D)       -0.028    31.017    u_top_vga/u_draw_bg/rgb_out_reg[11]
  -------------------------------------------------------------------
                         required time                         31.017    
                         arrival time                         -24.215    
  -------------------------------------------------------------------
                         slack                                  6.802    

Slack (MET) :             6.814ns  (required time - arrival time)
  Source:                 u_top_vga/u_vga_timing/vcount_reg[4]/C
                            (rising edge-triggered cell FDCE clocked by clk_out  {rise@0.000ns fall@12.500ns period=25.000ns})
  Destination:            u_top_vga/u_draw_bg/rgb_out_reg[10]_lopt_replica_2/D
                            (rising edge-triggered cell FDRE clocked by clk_out  {rise@0.000ns fall@12.500ns period=25.000ns})
  Path Group:             clk_out
  Path Type:              Setup (Max at Slow Process Corner)
  Requirement:            25.000ns  (clk_out rise@25.000ns - clk_out rise@0.000ns)
  Data Path Delay:        17.820ns  (logic 9.502ns (53.322%)  route 8.318ns (46.678%))
  Logic Levels:           15  (CARRY4=4 DSP48E1=2 LUT2=2 LUT4=5 LUT6=2)
  Clock Path Skew:        -0.030ns (DCD - SCD + CPR)
    Destination Clock Delay (DCD):    5.817ns = ( 30.817 - 25.000 ) 
    Source Clock Delay      (SCD):    6.159ns
    Clock Pessimism Removal (CPR):    0.312ns
  Clock Uncertainty:      0.085ns  ((TSJ^2 + DJ^2)^1/2) / 2 + PE
    Total System Jitter     (TSJ):    0.071ns
    Discrete Jitter          (DJ):    0.154ns
    Phase Error              (PE):    0.000ns

    Location             Delay type                Incr(ns)  Path(ns)    Netlist Resource(s)
  -------------------------------------------------------------------    -------------------
                         (clock clk_out rise edge)    0.000     0.000 r  
    W5                                                0.000     0.000 r  clk (IN)
                         net (fo=0)                   0.000     0.000    clk
    W5                   IBUF (Prop_ibuf_I_O)         1.458     1.458 r  clk_ibuf/O
                         net (fo=1, routed)           1.233     2.691    clk_in
    MMCME2_ADV_X1Y0      MMCME2_ADV (Prop_mmcme2_adv_CLKIN1_CLKOUT0)
                                                      0.088     2.779 r  clk_in_mmcme2/CLKOUT0
                         net (fo=2, routed)           1.661     4.441    clk_out
    BUFGCTRL_X0Y0        BUFGCTRL (Prop_bufgctrl_I0_O)
                                                      0.096     4.537 r  clk_out_bufgce/O
                         net (fo=41, routed)          1.622     6.159    u_top_vga/u_vga_timing/CLK
    SLICE_X7Y29          FDCE                                         r  u_top_vga/u_vga_timing/vcount_reg[4]/C
  -------------------------------------------------------------------    -------------------
    SLICE_X7Y29          FDCE (Prop_fdce_C_Q)         0.456     6.615 f  u_top_vga/u_vga_timing/vcount_reg[4]/Q
                         net (fo=17, routed)          1.257     7.872    u_top_vga/u_vga_timing/Q[3]
    SLICE_X9Y29          LUT4 (Prop_lut4_I1_O)        0.152     8.024 r  u_top_vga/u_vga_timing/rgb_nxt7_i_13/O
                         net (fo=4, routed)           0.453     8.477    u_top_vga/u_vga_timing/rgb_nxt7_i_13_n_0
    SLICE_X9Y29          LUT4 (Prop_lut4_I3_O)        0.332     8.809 f  u_top_vga/u_vga_timing/rgb_nxt7_i_12/O
                         net (fo=3, routed)           0.413     9.222    u_top_vga/u_vga_timing/rgb_nxt7_i_12_n_0
    SLICE_X9Y29          LUT4 (Prop_lut4_I3_O)        0.120     9.342 r  u_top_vga/u_vga_timing/rgb_nxt7_i_1/O
                         net (fo=54, routed)          1.088    10.430    u_top_vga/u_draw_bg/B[0]
    DSP48_X0Y8           DSP48E1 (Prop_dsp48e1_A[15]_PCOUT[47])
                                                      4.239    14.669 r  u_top_vga/u_draw_bg/rgb_nxt7__0/PCOUT[47]
                         net (fo=1, routed)           0.002    14.671    u_top_vga/u_draw_bg/rgb_nxt7__0_n_106
    DSP48_X0Y9           DSP48E1 (Prop_dsp48e1_PCIN[47]_P[5])
                                                      1.518    16.189 r  u_top_vga/u_draw_bg/rgb_nxt7__1/P[5]
                         net (fo=2, routed)           1.465    17.655    u_top_vga/u_draw_bg/rgb_nxt7__1_n_100
    SLICE_X12Y28         LUT2 (Prop_lut2_I0_O)        0.124    17.779 r  u_top_vga/u_draw_bg/rgb_nxt7_carry__0_i_2/O
                         net (fo=1, routed)           0.000    17.779    u_top_vga/u_draw_bg/rgb_nxt7_carry__0_i_2_n_0
    SLICE_X12Y28         CARRY4 (Prop_carry4_S[2]_CO[3])
                                                      0.380    18.159 r  u_top_vga/u_draw_bg/rgb_nxt7_carry__0/CO[3]
                         net (fo=1, routed)           0.000    18.159    u_top_vga/u_draw_bg/rgb_nxt7_carry__0_n_0
    SLICE_X12Y29         CARRY4 (Prop_carry4_CI_O[1])
                                                      0.323    18.482 r  u_top_vga/u_draw_bg/rgb_nxt7_carry__1/O[1]
                         net (fo=1, routed)           0.704    19.186    u_top_vga/u_draw_bg/rgb_nxt7_carry__1_n_6
    SLICE_X11Y32         LUT2 (Prop_lut2_I1_O)        0.306    19.492 r  u_top_vga/u_draw_bg/rgb_nxt6_carry__5_i_3/O
                         net (fo=1, routed)           0.000    19.492    u_top_vga/u_draw_bg/rgb_nxt6_carry__5_i_3_n_0
    SLICE_X11Y32         CARRY4 (Prop_carry4_S[1]_CO[3])
                                                      0.550    20.042 r  u_top_vga/u_draw_bg/rgb_nxt6_carry__5/CO[3]
                         net (fo=1, routed)           0.000    20.042    u_top_vga/u_draw_bg/rgb_nxt6_carry__5_n_0
    SLICE_X11Y33         CARRY4 (Prop_carry4_CI_O[1])
                                                      0.334    20.376 r  u_top_vga/u_draw_bg/rgb_nxt6_carry__6/O[1]
                         net (fo=1, routed)           0.505    20.881    u_top_vga/u_draw_bg/rgb_nxt6[29]
    SLICE_X10Y32         LUT4 (Prop_lut4_I3_O)        0.303    21.184 r  u_top_vga/u_draw_bg/rgb_out[11]_i_22/O
                         net (fo=1, routed)           0.708    21.892    u_top_vga/u_draw_bg/rgb_out[11]_i_22_n_0
    SLICE_X10Y31         LUT6 (Prop_lut6_I1_O)        0.124    22.016 r  u_top_vga/u_draw_bg/rgb_out[11]_i_10/O
                         net (fo=1, routed)           0.161    22.177    u_top_vga/u_draw_bg/rgb_out[11]_i_10_n_0
    SLICE_X10Y31         LUT6 (Prop_lut6_I3_O)        0.124    22.301 r  u_top_vga/u_draw_bg/rgb_out[11]_i_4/O
                         net (fo=5, routed)           0.990    23.291    u_top_vga/u_vga_timing/rgb_out_reg[7]
    SLICE_X2Y33          LUT4 (Prop_lut4_I0_O)        0.117    23.408 r  u_top_vga/u_vga_timing/rgb_out[10]_i_1/O
                         net (fo=3, routed)           0.572    23.979    u_top_vga/u_draw_bg/D[4]
    SLICE_X2Y33          FDRE                                         r  u_top_vga/u_draw_bg/rgb_out_reg[10]_lopt_replica_2/D
  -------------------------------------------------------------------    -------------------

                         (clock clk_out rise edge)   25.000    25.000 r  
    W5                                                0.000    25.000 r  clk (IN)
                         net (fo=0)                   0.000    25.000    clk
    W5                   IBUF (Prop_ibuf_I_O)         1.388    26.388 r  clk_ibuf/O
                         net (fo=1, routed)           1.162    27.550    clk_in
    MMCME2_ADV_X1Y0      MMCME2_ADV (Prop_mmcme2_adv_CLKIN1_CLKOUT0)
                                                      0.083    27.633 r  clk_in_mmcme2/CLKOUT0
                         net (fo=2, routed)           1.581    29.214    clk_out
    BUFGCTRL_X0Y0        BUFGCTRL (Prop_bufgctrl_I0_O)
                                                      0.091    29.305 r  clk_out_bufgce/O
                         net (fo=41, routed)          1.512    30.817    u_top_vga/u_draw_bg/CLK
    SLICE_X2Y33          FDRE                                         r  u_top_vga/u_draw_bg/rgb_out_reg[10]_lopt_replica_2/C
                         clock pessimism              0.312    31.129    
                         clock uncertainty           -0.085    31.045    
    SLICE_X2Y33          FDRE (Setup_fdre_C_D)       -0.252    30.793    u_top_vga/u_draw_bg/rgb_out_reg[10]_lopt_replica_2
  -------------------------------------------------------------------
                         required time                         30.793    
                         arrival time                         -23.979    
  -------------------------------------------------------------------
                         slack                                  6.814    

Slack (MET) :             7.032ns  (required time - arrival time)
  Source:                 u_top_vga/u_vga_timing/vcount_reg[4]/C
                            (rising edge-triggered cell FDCE clocked by clk_out  {rise@0.000ns fall@12.500ns period=25.000ns})
  Destination:            u_top_vga/u_draw_bg/rgb_out_reg[10]_lopt_replica/D
                            (rising edge-triggered cell FDRE clocked by clk_out  {rise@0.000ns fall@12.500ns period=25.000ns})
  Path Group:             clk_out
  Path Type:              Setup (Max at Slow Process Corner)
  Requirement:            25.000ns  (clk_out rise@25.000ns - clk_out rise@0.000ns)
  Data Path Delay:        17.631ns  (logic 9.502ns (53.895%)  route 8.129ns (46.105%))
  Logic Levels:           15  (CARRY4=4 DSP48E1=2 LUT2=2 LUT4=5 LUT6=2)
  Clock Path Skew:        -0.030ns (DCD - SCD + CPR)
    Destination Clock Delay (DCD):    5.817ns = ( 30.817 - 25.000 ) 
    Source Clock Delay      (SCD):    6.159ns
    Clock Pessimism Removal (CPR):    0.312ns
  Clock Uncertainty:      0.085ns  ((TSJ^2 + DJ^2)^1/2) / 2 + PE
    Total System Jitter     (TSJ):    0.071ns
    Discrete Jitter          (DJ):    0.154ns
    Phase Error              (PE):    0.000ns

    Location             Delay type                Incr(ns)  Path(ns)    Netlist Resource(s)
  -------------------------------------------------------------------    -------------------
                         (clock clk_out rise edge)    0.000     0.000 r  
    W5                                                0.000     0.000 r  clk (IN)
                         net (fo=0)                   0.000     0.000    clk
    W5                   IBUF (Prop_ibuf_I_O)         1.458     1.458 r  clk_ibuf/O
                         net (fo=1, routed)           1.233     2.691    clk_in
    MMCME2_ADV_X1Y0      MMCME2_ADV (Prop_mmcme2_adv_CLKIN1_CLKOUT0)
                                                      0.088     2.779 r  clk_in_mmcme2/CLKOUT0
                         net (fo=2, routed)           1.661     4.441    clk_out
    BUFGCTRL_X0Y0        BUFGCTRL (Prop_bufgctrl_I0_O)
                                                      0.096     4.537 r  clk_out_bufgce/O
                         net (fo=41, routed)          1.622     6.159    u_top_vga/u_vga_timing/CLK
    SLICE_X7Y29          FDCE                                         r  u_top_vga/u_vga_timing/vcount_reg[4]/C
  -------------------------------------------------------------------    -------------------
    SLICE_X7Y29          FDCE (Prop_fdce_C_Q)         0.456     6.615 f  u_top_vga/u_vga_timing/vcount_reg[4]/Q
                         net (fo=17, routed)          1.257     7.872    u_top_vga/u_vga_timing/Q[3]
    SLICE_X9Y29          LUT4 (Prop_lut4_I1_O)        0.152     8.024 r  u_top_vga/u_vga_timing/rgb_nxt7_i_13/O
                         net (fo=4, routed)           0.453     8.477    u_top_vga/u_vga_timing/rgb_nxt7_i_13_n_0
    SLICE_X9Y29          LUT4 (Prop_lut4_I3_O)        0.332     8.809 f  u_top_vga/u_vga_timing/rgb_nxt7_i_12/O
                         net (fo=3, routed)           0.413     9.222    u_top_vga/u_vga_timing/rgb_nxt7_i_12_n_0
    SLICE_X9Y29          LUT4 (Prop_lut4_I3_O)        0.120     9.342 r  u_top_vga/u_vga_timing/rgb_nxt7_i_1/O
                         net (fo=54, routed)          1.088    10.430    u_top_vga/u_draw_bg/B[0]
    DSP48_X0Y8           DSP48E1 (Prop_dsp48e1_A[15]_PCOUT[47])
                                                      4.239    14.669 r  u_top_vga/u_draw_bg/rgb_nxt7__0/PCOUT[47]
                         net (fo=1, routed)           0.002    14.671    u_top_vga/u_draw_bg/rgb_nxt7__0_n_106
    DSP48_X0Y9           DSP48E1 (Prop_dsp48e1_PCIN[47]_P[5])
                                                      1.518    16.189 r  u_top_vga/u_draw_bg/rgb_nxt7__1/P[5]
                         net (fo=2, routed)           1.465    17.655    u_top_vga/u_draw_bg/rgb_nxt7__1_n_100
    SLICE_X12Y28         LUT2 (Prop_lut2_I0_O)        0.124    17.779 r  u_top_vga/u_draw_bg/rgb_nxt7_carry__0_i_2/O
                         net (fo=1, routed)           0.000    17.779    u_top_vga/u_draw_bg/rgb_nxt7_carry__0_i_2_n_0
    SLICE_X12Y28         CARRY4 (Prop_carry4_S[2]_CO[3])
                                                      0.380    18.159 r  u_top_vga/u_draw_bg/rgb_nxt7_carry__0/CO[3]
                         net (fo=1, routed)           0.000    18.159    u_top_vga/u_draw_bg/rgb_nxt7_carry__0_n_0
    SLICE_X12Y29         CARRY4 (Prop_carry4_CI_O[1])
                                                      0.323    18.482 r  u_top_vga/u_draw_bg/rgb_nxt7_carry__1/O[1]
                         net (fo=1, routed)           0.704    19.186    u_top_vga/u_draw_bg/rgb_nxt7_carry__1_n_6
    SLICE_X11Y32         LUT2 (Prop_lut2_I1_O)        0.306    19.492 r  u_top_vga/u_draw_bg/rgb_nxt6_carry__5_i_3/O
                         net (fo=1, routed)           0.000    19.492    u_top_vga/u_draw_bg/rgb_nxt6_carry__5_i_3_n_0
    SLICE_X11Y32         CARRY4 (Prop_carry4_S[1]_CO[3])
                                                      0.550    20.042 r  u_top_vga/u_draw_bg/rgb_nxt6_carry__5/CO[3]
                         net (fo=1, routed)           0.000    20.042    u_top_vga/u_draw_bg/rgb_nxt6_carry__5_n_0
    SLICE_X11Y33         CARRY4 (Prop_carry4_CI_O[1])
                                                      0.334    20.376 r  u_top_vga/u_draw_bg/rgb_nxt6_carry__6/O[1]
                         net (fo=1, routed)           0.505    20.881    u_top_vga/u_draw_bg/rgb_nxt6[29]
    SLICE_X10Y32         LUT4 (Prop_lut4_I3_O)        0.303    21.184 r  u_top_vga/u_draw_bg/rgb_out[11]_i_22/O
                         net (fo=1, routed)           0.708    21.892    u_top_vga/u_draw_bg/rgb_out[11]_i_22_n_0
    SLICE_X10Y31         LUT6 (Prop_lut6_I1_O)        0.124    22.016 r  u_top_vga/u_draw_bg/rgb_out[11]_i_10/O
                         net (fo=1, routed)           0.161    22.177    u_top_vga/u_draw_bg/rgb_out[11]_i_10_n_0
    SLICE_X10Y31         LUT6 (Prop_lut6_I3_O)        0.124    22.301 r  u_top_vga/u_draw_bg/rgb_out[11]_i_4/O
                         net (fo=5, routed)           0.990    23.291    u_top_vga/u_vga_timing/rgb_out_reg[7]
    SLICE_X2Y33          LUT4 (Prop_lut4_I0_O)        0.117    23.408 r  u_top_vga/u_vga_timing/rgb_out[10]_i_1/O
                         net (fo=3, routed)           0.382    23.790    u_top_vga/u_draw_bg/D[4]
    SLICE_X2Y33          FDRE                                         r  u_top_vga/u_draw_bg/rgb_out_reg[10]_lopt_replica/D
  -------------------------------------------------------------------    -------------------

                         (clock clk_out rise edge)   25.000    25.000 r  
    W5                                                0.000    25.000 r  clk (IN)
                         net (fo=0)                   0.000    25.000    clk
    W5                   IBUF (Prop_ibuf_I_O)         1.388    26.388 r  clk_ibuf/O
                         net (fo=1, routed)           1.162    27.550    clk_in
    MMCME2_ADV_X1Y0      MMCME2_ADV (Prop_mmcme2_adv_CLKIN1_CLKOUT0)
                                                      0.083    27.633 r  clk_in_mmcme2/CLKOUT0
                         net (fo=2, routed)           1.581    29.214    clk_out
    BUFGCTRL_X0Y0        BUFGCTRL (Prop_bufgctrl_I0_O)
                                                      0.091    29.305 r  clk_out_bufgce/O
                         net (fo=41, routed)          1.512    30.817    u_top_vga/u_draw_bg/CLK
    SLICE_X2Y33          FDRE                                         r  u_top_vga/u_draw_bg/rgb_out_reg[10]_lopt_replica/C
                         clock pessimism              0.312    31.129    
                         clock uncertainty           -0.085    31.045    
    SLICE_X2Y33          FDRE (Setup_fdre_C_D)       -0.223    30.822    u_top_vga/u_draw_bg/rgb_out_reg[10]_lopt_replica
  -------------------------------------------------------------------
                         required time                         30.822    
                         arrival time                         -23.790    
  -------------------------------------------------------------------
                         slack                                  7.032    

Slack (MET) :             7.091ns  (required time - arrival time)
  Source:                 u_top_vga/u_vga_timing/vcount_reg[4]/C
                            (rising edge-triggered cell FDCE clocked by clk_out  {rise@0.000ns fall@12.500ns period=25.000ns})
  Destination:            u_top_vga/u_draw_bg/rgb_out_reg[3]/D
                            (rising edge-triggered cell FDRE clocked by clk_out  {rise@0.000ns fall@12.500ns period=25.000ns})
  Path Group:             clk_out
  Path Type:              Setup (Max at Slow Process Corner)
  Requirement:            25.000ns  (clk_out rise@25.000ns - clk_out rise@0.000ns)
  Data Path Delay:        17.733ns  (logic 9.509ns (53.622%)  route 8.224ns (46.378%))
  Logic Levels:           15  (CARRY4=4 DSP48E1=2 LUT2=2 LUT3=1 LUT4=4 LUT6=2)
  Clock Path Skew:        -0.030ns (DCD - SCD + CPR)
    Destination Clock Delay (DCD):    5.817ns = ( 30.817 - 25.000 ) 
    Source Clock Delay      (SCD):    6.159ns
    Clock Pessimism Removal (CPR):    0.312ns
  Clock Uncertainty:      0.085ns  ((TSJ^2 + DJ^2)^1/2) / 2 + PE
    Total System Jitter     (TSJ):    0.071ns
    Discrete Jitter          (DJ):    0.154ns
    Phase Error              (PE):    0.000ns

    Location             Delay type                Incr(ns)  Path(ns)    Netlist Resource(s)
  -------------------------------------------------------------------    -------------------
                         (clock clk_out rise edge)    0.000     0.000 r  
    W5                                                0.000     0.000 r  clk (IN)
                         net (fo=0)                   0.000     0.000    clk
    W5                   IBUF (Prop_ibuf_I_O)         1.458     1.458 r  clk_ibuf/O
                         net (fo=1, routed)           1.233     2.691    clk_in
    MMCME2_ADV_X1Y0      MMCME2_ADV (Prop_mmcme2_adv_CLKIN1_CLKOUT0)
                                                      0.088     2.779 r  clk_in_mmcme2/CLKOUT0
                         net (fo=2, routed)           1.661     4.441    clk_out
    BUFGCTRL_X0Y0        BUFGCTRL (Prop_bufgctrl_I0_O)
                                                      0.096     4.537 r  clk_out_bufgce/O
                         net (fo=41, routed)          1.622     6.159    u_top_vga/u_vga_timing/CLK
    SLICE_X7Y29          FDCE                                         r  u_top_vga/u_vga_timing/vcount_reg[4]/C
  -------------------------------------------------------------------    -------------------
    SLICE_X7Y29          FDCE (Prop_fdce_C_Q)         0.456     6.615 f  u_top_vga/u_vga_timing/vcount_reg[4]/Q
                         net (fo=17, routed)          1.257     7.872    u_top_vga/u_vga_timing/Q[3]
    SLICE_X9Y29          LUT4 (Prop_lut4_I1_O)        0.152     8.024 r  u_top_vga/u_vga_timing/rgb_nxt7_i_13/O
                         net (fo=4, routed)           0.453     8.477    u_top_vga/u_vga_timing/rgb_nxt7_i_13_n_0
    SLICE_X9Y29          LUT4 (Prop_lut4_I3_O)        0.332     8.809 f  u_top_vga/u_vga_timing/rgb_nxt7_i_12/O
                         net (fo=3, routed)           0.413     9.222    u_top_vga/u_vga_timing/rgb_nxt7_i_12_n_0
    SLICE_X9Y29          LUT4 (Prop_lut4_I3_O)        0.120     9.342 r  u_top_vga/u_vga_timing/rgb_nxt7_i_1/O
                         net (fo=54, routed)          1.088    10.430    u_top_vga/u_draw_bg/B[0]
    DSP48_X0Y8           DSP48E1 (Prop_dsp48e1_A[15]_PCOUT[47])
                                                      4.239    14.669 r  u_top_vga/u_draw_bg/rgb_nxt7__0/PCOUT[47]
                         net (fo=1, routed)           0.002    14.671    u_top_vga/u_draw_bg/rgb_nxt7__0_n_106
    DSP48_X0Y9           DSP48E1 (Prop_dsp48e1_PCIN[47]_P[5])
                                                      1.518    16.189 r  u_top_vga/u_draw_bg/rgb_nxt7__1/P[5]
                         net (fo=2, routed)           1.465    17.655    u_top_vga/u_draw_bg/rgb_nxt7__1_n_100
    SLICE_X12Y28         LUT2 (Prop_lut2_I0_O)        0.124    17.779 r  u_top_vga/u_draw_bg/rgb_nxt7_carry__0_i_2/O
                         net (fo=1, routed)           0.000    17.779    u_top_vga/u_draw_bg/rgb_nxt7_carry__0_i_2_n_0
    SLICE_X12Y28         CARRY4 (Prop_carry4_S[2]_CO[3])
                                                      0.380    18.159 r  u_top_vga/u_draw_bg/rgb_nxt7_carry__0/CO[3]
                         net (fo=1, routed)           0.000    18.159    u_top_vga/u_draw_bg/rgb_nxt7_carry__0_n_0
    SLICE_X12Y29         CARRY4 (Prop_carry4_CI_O[1])
                                                      0.323    18.482 r  u_top_vga/u_draw_bg/rgb_nxt7_carry__1/O[1]
                         net (fo=1, routed)           0.704    19.186    u_top_vga/u_draw_bg/rgb_nxt7_carry__1_n_6
    SLICE_X11Y32         LUT2 (Prop_lut2_I1_O)        0.306    19.492 r  u_top_vga/u_draw_bg/rgb_nxt6_carry__5_i_3/O
                         net (fo=1, routed)           0.000    19.492    u_top_vga/u_draw_bg/rgb_nxt6_carry__5_i_3_n_0
    SLICE_X11Y32         CARRY4 (Prop_carry4_S[1]_CO[3])
                                                      0.550    20.042 r  u_top_vga/u_draw_bg/rgb_nxt6_carry__5/CO[3]
                         net (fo=1, routed)           0.000    20.042    u_top_vga/u_draw_bg/rgb_nxt6_carry__5_n_0
    SLICE_X11Y33         CARRY4 (Prop_carry4_CI_O[1])
                                                      0.334    20.376 r  u_top_vga/u_draw_bg/rgb_nxt6_carry__6/O[1]
                         net (fo=1, routed)           0.505    20.881    u_top_vga/u_draw_bg/rgb_nxt6[29]
    SLICE_X10Y32         LUT4 (Prop_lut4_I3_O)        0.303    21.184 r  u_top_vga/u_draw_bg/rgb_out[11]_i_22/O
                         net (fo=1, routed)           0.708    21.892    u_top_vga/u_draw_bg/rgb_out[11]_i_22_n_0
    SLICE_X10Y31         LUT6 (Prop_lut6_I1_O)        0.124    22.016 r  u_top_vga/u_draw_bg/rgb_out[11]_i_10/O
                         net (fo=1, routed)           0.161    22.177    u_top_vga/u_draw_bg/rgb_out[11]_i_10_n_0
    SLICE_X10Y31         LUT6 (Prop_lut6_I3_O)        0.124    22.301 r  u_top_vga/u_draw_bg/rgb_out[11]_i_4/O
                         net (fo=5, routed)           0.990    23.291    u_top_vga/u_vga_timing/rgb_out_reg[7]
    SLICE_X2Y33          LUT3 (Prop_lut3_I1_O)        0.124    23.415 r  u_top_vga/u_vga_timing/rgb_out[3]_i_2/O
                         net (fo=1, routed)           0.478    23.893    u_top_vga/u_draw_bg/D[1]
    SLICE_X1Y33          FDRE                                         r  u_top_vga/u_draw_bg/rgb_out_reg[3]/D
  -------------------------------------------------------------------    -------------------

                         (clock clk_out rise edge)   25.000    25.000 r  
    W5                                                0.000    25.000 r  clk (IN)
                         net (fo=0)                   0.000    25.000    clk
    W5                   IBUF (Prop_ibuf_I_O)         1.388    26.388 r  clk_ibuf/O
                         net (fo=1, routed)           1.162    27.550    clk_in
    MMCME2_ADV_X1Y0      MMCME2_ADV (Prop_mmcme2_adv_CLKIN1_CLKOUT0)
                                                      0.083    27.633 r  clk_in_mmcme2/CLKOUT0
                         net (fo=2, routed)           1.581    29.214    clk_out
    BUFGCTRL_X0Y0        BUFGCTRL (Prop_bufgctrl_I0_O)
                                                      0.091    29.305 r  clk_out_bufgce/O
                         net (fo=41, routed)          1.512    30.817    u_top_vga/u_draw_bg/CLK
    SLICE_X1Y33          FDRE                                         r  u_top_vga/u_draw_bg/rgb_out_reg[3]/C
                         clock pessimism              0.312    31.129    
                         clock uncertainty           -0.085    31.045    
    SLICE_X1Y33          FDRE (Setup_fdre_C_D)       -0.061    30.984    u_top_vga/u_draw_bg/rgb_out_reg[3]
  -------------------------------------------------------------------
                         required time                         30.984    
                         arrival time                         -23.893    
  -------------------------------------------------------------------
                         slack                                  7.091    

Slack (MET) :             7.170ns  (required time - arrival time)
  Source:                 u_top_vga/u_vga_timing/vcount_reg[4]/C
                            (rising edge-triggered cell FDCE clocked by clk_out  {rise@0.000ns fall@12.500ns period=25.000ns})
  Destination:            u_top_vga/u_draw_bg/rgb_out_reg[10]/D
                            (rising edge-triggered cell FDRE clocked by clk_out  {rise@0.000ns fall@12.500ns period=25.000ns})
  Path Group:             clk_out
  Path Type:              Setup (Max at Slow Process Corner)
  Requirement:            25.000ns  (clk_out rise@25.000ns - clk_out rise@0.000ns)
  Data Path Delay:        17.441ns  (logic 9.502ns (54.480%)  route 7.939ns (45.520%))
  Logic Levels:           15  (CARRY4=4 DSP48E1=2 LUT2=2 LUT4=5 LUT6=2)
  Clock Path Skew:        -0.030ns (DCD - SCD + CPR)
    Destination Clock Delay (DCD):    5.817ns = ( 30.817 - 25.000 ) 
    Source Clock Delay      (SCD):    6.159ns
    Clock Pessimism Removal (CPR):    0.312ns
  Clock Uncertainty:      0.085ns  ((TSJ^2 + DJ^2)^1/2) / 2 + PE
    Total System Jitter     (TSJ):    0.071ns
    Discrete Jitter          (DJ):    0.154ns
    Phase Error              (PE):    0.000ns

    Location             Delay type                Incr(ns)  Path(ns)    Netlist Resource(s)
  -------------------------------------------------------------------    -------------------
                         (clock clk_out rise edge)    0.000     0.000 r  
    W5                                                0.000     0.000 r  clk (IN)
                         net (fo=0)                   0.000     0.000    clk
    W5                   IBUF (Prop_ibuf_I_O)         1.458     1.458 r  clk_ibuf/O
                         net (fo=1, routed)           1.233     2.691    clk_in
    MMCME2_ADV_X1Y0      MMCME2_ADV (Prop_mmcme2_adv_CLKIN1_CLKOUT0)
                                                      0.088     2.779 r  clk_in_mmcme2/CLKOUT0
                         net (fo=2, routed)           1.661     4.441    clk_out
    BUFGCTRL_X0Y0        BUFGCTRL (Prop_bufgctrl_I0_O)
                                                      0.096     4.537 r  clk_out_bufgce/O
                         net (fo=41, routed)          1.622     6.159    u_top_vga/u_vga_timing/CLK
    SLICE_X7Y29          FDCE                                         r  u_top_vga/u_vga_timing/vcount_reg[4]/C
  -------------------------------------------------------------------    -------------------
    SLICE_X7Y29          FDCE (Prop_fdce_C_Q)         0.456     6.615 f  u_top_vga/u_vga_timing/vcount_reg[4]/Q
                         net (fo=17, routed)          1.257     7.872    u_top_vga/u_vga_timing/Q[3]
    SLICE_X9Y29          LUT4 (Prop_lut4_I1_O)        0.152     8.024 r  u_top_vga/u_vga_timing/rgb_nxt7_i_13/O
                         net (fo=4, routed)           0.453     8.477    u_top_vga/u_vga_timing/rgb_nxt7_i_13_n_0
    SLICE_X9Y29          LUT4 (Prop_lut4_I3_O)        0.332     8.809 f  u_top_vga/u_vga_timing/rgb_nxt7_i_12/O
                         net (fo=3, routed)           0.413     9.222    u_top_vga/u_vga_timing/rgb_nxt7_i_12_n_0
    SLICE_X9Y29          LUT4 (Prop_lut4_I3_O)        0.120     9.342 r  u_top_vga/u_vga_timing/rgb_nxt7_i_1/O
                         net (fo=54, routed)          1.088    10.430    u_top_vga/u_draw_bg/B[0]
    DSP48_X0Y8           DSP48E1 (Prop_dsp48e1_A[15]_PCOUT[47])
                                                      4.239    14.669 r  u_top_vga/u_draw_bg/rgb_nxt7__0/PCOUT[47]
                         net (fo=1, routed)           0.002    14.671    u_top_vga/u_draw_bg/rgb_nxt7__0_n_106
    DSP48_X0Y9           DSP48E1 (Prop_dsp48e1_PCIN[47]_P[5])
                                                      1.518    16.189 r  u_top_vga/u_draw_bg/rgb_nxt7__1/P[5]
                         net (fo=2, routed)           1.465    17.655    u_top_vga/u_draw_bg/rgb_nxt7__1_n_100
    SLICE_X12Y28         LUT2 (Prop_lut2_I0_O)        0.124    17.779 r  u_top_vga/u_draw_bg/rgb_nxt7_carry__0_i_2/O
                         net (fo=1, routed)           0.000    17.779    u_top_vga/u_draw_bg/rgb_nxt7_carry__0_i_2_n_0
    SLICE_X12Y28         CARRY4 (Prop_carry4_S[2]_CO[3])
                                                      0.380    18.159 r  u_top_vga/u_draw_bg/rgb_nxt7_carry__0/CO[3]
                         net (fo=1, routed)           0.000    18.159    u_top_vga/u_draw_bg/rgb_nxt7_carry__0_n_0
    SLICE_X12Y29         CARRY4 (Prop_carry4_CI_O[1])
                                                      0.323    18.482 r  u_top_vga/u_draw_bg/rgb_nxt7_carry__1/O[1]
                         net (fo=1, routed)           0.704    19.186    u_top_vga/u_draw_bg/rgb_nxt7_carry__1_n_6
    SLICE_X11Y32         LUT2 (Prop_lut2_I1_O)        0.306    19.492 r  u_top_vga/u_draw_bg/rgb_nxt6_carry__5_i_3/O
                         net (fo=1, routed)           0.000    19.492    u_top_vga/u_draw_bg/rgb_nxt6_carry__5_i_3_n_0
    SLICE_X11Y32         CARRY4 (Prop_carry4_S[1]_CO[3])
                                                      0.550    20.042 r  u_top_vga/u_draw_bg/rgb_nxt6_carry__5/CO[3]
                         net (fo=1, routed)           0.000    20.042    u_top_vga/u_draw_bg/rgb_nxt6_carry__5_n_0
    SLICE_X11Y33         CARRY4 (Prop_carry4_CI_O[1])
                                                      0.334    20.376 r  u_top_vga/u_draw_bg/rgb_nxt6_carry__6/O[1]
                         net (fo=1, routed)           0.505    20.881    u_top_vga/u_draw_bg/rgb_nxt6[29]
    SLICE_X10Y32         LUT4 (Prop_lut4_I3_O)        0.303    21.184 r  u_top_vga/u_draw_bg/rgb_out[11]_i_22/O
                         net (fo=1, routed)           0.708    21.892    u_top_vga/u_draw_bg/rgb_out[11]_i_22_n_0
    SLICE_X10Y31         LUT6 (Prop_lut6_I1_O)        0.124    22.016 r  u_top_vga/u_draw_bg/rgb_out[11]_i_10/O
                         net (fo=1, routed)           0.161    22.177    u_top_vga/u_draw_bg/rgb_out[11]_i_10_n_0
    SLICE_X10Y31         LUT6 (Prop_lut6_I3_O)        0.124    22.301 r  u_top_vga/u_draw_bg/rgb_out[11]_i_4/O
                         net (fo=5, routed)           0.990    23.291    u_top_vga/u_vga_timing/rgb_out_reg[7]
    SLICE_X2Y33          LUT4 (Prop_lut4_I0_O)        0.117    23.408 r  u_top_vga/u_vga_timing/rgb_out[10]_i_1/O
                         net (fo=3, routed)           0.193    23.601    u_top_vga/u_draw_bg/D[4]
    SLICE_X3Y33          FDRE                                         r  u_top_vga/u_draw_bg/rgb_out_reg[10]/D
  -------------------------------------------------------------------    -------------------

                         (clock clk_out rise edge)   25.000    25.000 r  
    W5                                                0.000    25.000 r  clk (IN)
                         net (fo=0)                   0.000    25.000    clk
    W5                   IBUF (Prop_ibuf_I_O)         1.388    26.388 r  clk_ibuf/O
                         net (fo=1, routed)           1.162    27.550    clk_in
    MMCME2_ADV_X1Y0      MMCME2_ADV (Prop_mmcme2_adv_CLKIN1_CLKOUT0)
                                                      0.083    27.633 r  clk_in_mmcme2/CLKOUT0
                         net (fo=2, routed)           1.581    29.214    clk_out
    BUFGCTRL_X0Y0        BUFGCTRL (Prop_bufgctrl_I0_O)
                                                      0.091    29.305 r  clk_out_bufgce/O
                         net (fo=41, routed)          1.512    30.817    u_top_vga/u_draw_bg/CLK
    SLICE_X3Y33          FDRE                                         r  u_top_vga/u_draw_bg/rgb_out_reg[10]/C
                         clock pessimism              0.312    31.129    
                         clock uncertainty           -0.085    31.045    
    SLICE_X3Y33          FDRE (Setup_fdre_C_D)       -0.274    30.771    u_top_vga/u_draw_bg/rgb_out_reg[10]
  -------------------------------------------------------------------
                         required time                         30.771    
                         arrival time                         -23.601    
  -------------------------------------------------------------------
                         slack                                  7.170    

Slack (MET) :             7.676ns  (required time - arrival time)
  Source:                 u_top_vga/u_vga_timing/vcount_reg[4]/C
                            (rising edge-triggered cell FDCE clocked by clk_out  {rise@0.000ns fall@12.500ns period=25.000ns})
  Destination:            u_top_vga/u_draw_bg/rgb_out_reg[7]/D
                            (rising edge-triggered cell FDRE clocked by clk_out  {rise@0.000ns fall@12.500ns period=25.000ns})
  Path Group:             clk_out
  Path Type:              Setup (Max at Slow Process Corner)
  Requirement:            25.000ns  (clk_out rise@25.000ns - clk_out rise@0.000ns)
  Data Path Delay:        17.286ns  (logic 9.509ns (55.009%)  route 7.777ns (44.991%))
  Logic Levels:           15  (CARRY4=4 DSP48E1=2 LUT2=2 LUT4=4 LUT6=3)
  Clock Path Skew:        -0.030ns (DCD - SCD + CPR)
    Destination Clock Delay (DCD):    5.817ns = ( 30.817 - 25.000 ) 
    Source Clock Delay      (SCD):    6.159ns
    Clock Pessimism Removal (CPR):    0.312ns
  Clock Uncertainty:      0.085ns  ((TSJ^2 + DJ^2)^1/2) / 2 + PE
    Total System Jitter     (TSJ):    0.071ns
    Discrete Jitter          (DJ):    0.154ns
    Phase Error              (PE):    0.000ns

    Location             Delay type                Incr(ns)  Path(ns)    Netlist Resource(s)
  -------------------------------------------------------------------    -------------------
                         (clock clk_out rise edge)    0.000     0.000 r  
    W5                                                0.000     0.000 r  clk (IN)
                         net (fo=0)                   0.000     0.000    clk
    W5                   IBUF (Prop_ibuf_I_O)         1.458     1.458 r  clk_ibuf/O
                         net (fo=1, routed)           1.233     2.691    clk_in
    MMCME2_ADV_X1Y0      MMCME2_ADV (Prop_mmcme2_adv_CLKIN1_CLKOUT0)
                                                      0.088     2.779 r  clk_in_mmcme2/CLKOUT0
                         net (fo=2, routed)           1.661     4.441    clk_out
    BUFGCTRL_X0Y0        BUFGCTRL (Prop_bufgctrl_I0_O)
                                                      0.096     4.537 r  clk_out_bufgce/O
                         net (fo=41, routed)          1.622     6.159    u_top_vga/u_vga_timing/CLK
    SLICE_X7Y29          FDCE                                         r  u_top_vga/u_vga_timing/vcount_reg[4]/C
  -------------------------------------------------------------------    -------------------
    SLICE_X7Y29          FDCE (Prop_fdce_C_Q)         0.456     6.615 f  u_top_vga/u_vga_timing/vcount_reg[4]/Q
                         net (fo=17, routed)          1.257     7.872    u_top_vga/u_vga_timing/Q[3]
    SLICE_X9Y29          LUT4 (Prop_lut4_I1_O)        0.152     8.024 r  u_top_vga/u_vga_timing/rgb_nxt7_i_13/O
                         net (fo=4, routed)           0.453     8.477    u_top_vga/u_vga_timing/rgb_nxt7_i_13_n_0
    SLICE_X9Y29          LUT4 (Prop_lut4_I3_O)        0.332     8.809 f  u_top_vga/u_vga_timing/rgb_nxt7_i_12/O
                         net (fo=3, routed)           0.413     9.222    u_top_vga/u_vga_timing/rgb_nxt7_i_12_n_0
    SLICE_X9Y29          LUT4 (Prop_lut4_I3_O)        0.120     9.342 r  u_top_vga/u_vga_timing/rgb_nxt7_i_1/O
                         net (fo=54, routed)          1.088    10.430    u_top_vga/u_draw_bg/B[0]
    DSP48_X0Y8           DSP48E1 (Prop_dsp48e1_A[15]_PCOUT[47])
                                                      4.239    14.669 r  u_top_vga/u_draw_bg/rgb_nxt7__0/PCOUT[47]
                         net (fo=1, routed)           0.002    14.671    u_top_vga/u_draw_bg/rgb_nxt7__0_n_106
    DSP48_X0Y9           DSP48E1 (Prop_dsp48e1_PCIN[47]_P[5])
                                                      1.518    16.189 r  u_top_vga/u_draw_bg/rgb_nxt7__1/P[5]
                         net (fo=2, routed)           1.465    17.655    u_top_vga/u_draw_bg/rgb_nxt7__1_n_100
    SLICE_X12Y28         LUT2 (Prop_lut2_I0_O)        0.124    17.779 r  u_top_vga/u_draw_bg/rgb_nxt7_carry__0_i_2/O
                         net (fo=1, routed)           0.000    17.779    u_top_vga/u_draw_bg/rgb_nxt7_carry__0_i_2_n_0
    SLICE_X12Y28         CARRY4 (Prop_carry4_S[2]_CO[3])
                                                      0.380    18.159 r  u_top_vga/u_draw_bg/rgb_nxt7_carry__0/CO[3]
                         net (fo=1, routed)           0.000    18.159    u_top_vga/u_draw_bg/rgb_nxt7_carry__0_n_0
    SLICE_X12Y29         CARRY4 (Prop_carry4_CI_O[1])
                                                      0.323    18.482 r  u_top_vga/u_draw_bg/rgb_nxt7_carry__1/O[1]
                         net (fo=1, routed)           0.704    19.186    u_top_vga/u_draw_bg/rgb_nxt7_carry__1_n_6
    SLICE_X11Y32         LUT2 (Prop_lut2_I1_O)        0.306    19.492 r  u_top_vga/u_draw_bg/rgb_nxt6_carry__5_i_3/O
                         net (fo=1, routed)           0.000    19.492    u_top_vga/u_draw_bg/rgb_nxt6_carry__5_i_3_n_0
    SLICE_X11Y32         CARRY4 (Prop_carry4_S[1]_CO[3])
                                                      0.550    20.042 r  u_top_vga/u_draw_bg/rgb_nxt6_carry__5/CO[3]
                         net (fo=1, routed)           0.000    20.042    u_top_vga/u_draw_bg/rgb_nxt6_carry__5_n_0
    SLICE_X11Y33         CARRY4 (Prop_carry4_CI_O[1])
                                                      0.334    20.376 f  u_top_vga/u_draw_bg/rgb_nxt6_carry__6/O[1]
                         net (fo=1, routed)           0.505    20.881    u_top_vga/u_draw_bg/rgb_nxt6[29]
    SLICE_X10Y32         LUT4 (Prop_lut4_I3_O)        0.303    21.184 f  u_top_vga/u_draw_bg/rgb_out[11]_i_22/O
                         net (fo=1, routed)           0.708    21.892    u_top_vga/u_draw_bg/rgb_out[11]_i_22_n_0
    SLICE_X10Y31         LUT6 (Prop_lut6_I1_O)        0.124    22.016 f  u_top_vga/u_draw_bg/rgb_out[11]_i_10/O
                         net (fo=1, routed)           0.161    22.177    u_top_vga/u_draw_bg/rgb_out[11]_i_10_n_0
    SLICE_X10Y31         LUT6 (Prop_lut6_I3_O)        0.124    22.301 f  u_top_vga/u_draw_bg/rgb_out[11]_i_4/O
                         net (fo=5, routed)           1.021    23.322    u_top_vga/u_vga_timing/rgb_out_reg[7]
    SLICE_X2Y33          LUT6 (Prop_lut6_I3_O)        0.124    23.446 r  u_top_vga/u_vga_timing/rgb_out[7]_i_1/O
                         net (fo=1, routed)           0.000    23.446    u_top_vga/u_draw_bg/D[3]
    SLICE_X2Y33          FDRE                                         r  u_top_vga/u_draw_bg/rgb_out_reg[7]/D
  -------------------------------------------------------------------    -------------------

                         (clock clk_out rise edge)   25.000    25.000 r  
    W5                                                0.000    25.000 r  clk (IN)
                         net (fo=0)                   0.000    25.000    clk
    W5                   IBUF (Prop_ibuf_I_O)         1.388    26.388 r  clk_ibuf/O
                         net (fo=1, routed)           1.162    27.550    clk_in
    MMCME2_ADV_X1Y0      MMCME2_ADV (Prop_mmcme2_adv_CLKIN1_CLKOUT0)
                                                      0.083    27.633 r  clk_in_mmcme2/CLKOUT0
                         net (fo=2, routed)           1.581    29.214    clk_out
    BUFGCTRL_X0Y0        BUFGCTRL (Prop_bufgctrl_I0_O)
                                                      0.091    29.305 r  clk_out_bufgce/O
                         net (fo=41, routed)          1.512    30.817    u_top_vga/u_draw_bg/CLK
    SLICE_X2Y33          FDRE                                         r  u_top_vga/u_draw_bg/rgb_out_reg[7]/C
                         clock pessimism              0.312    31.129    
                         clock uncertainty           -0.085    31.045    
    SLICE_X2Y33          FDRE (Setup_fdre_C_D)        0.077    31.122    u_top_vga/u_draw_bg/rgb_out_reg[7]
  -------------------------------------------------------------------
                         required time                         31.122    
                         arrival time                         -23.446    
  -------------------------------------------------------------------
                         slack                                  7.676    

Slack (MET) :             17.898ns  (required time - arrival time)
  Source:                 u_top_vga/u_vga_timing/hcount_reg[6]/C
                            (rising edge-triggered cell FDCE clocked by clk_out  {rise@0.000ns fall@12.500ns period=25.000ns})
  Destination:            u_top_vga/u_vga_timing/vsync_reg/D
                            (rising edge-triggered cell FDCE clocked by clk_out  {rise@0.000ns fall@12.500ns period=25.000ns})
  Path Group:             clk_out
  Path Type:              Setup (Max at Slow Process Corner)
  Requirement:            25.000ns  (clk_out rise@25.000ns - clk_out rise@0.000ns)
  Data Path Delay:        7.075ns  (logic 1.728ns (24.425%)  route 5.347ns (75.575%))
  Logic Levels:           6  (LUT3=1 LUT4=2 LUT6=3)
  Clock Path Skew:        -0.024ns (DCD - SCD + CPR)
    Destination Clock Delay (DCD):    5.811ns = ( 30.811 - 25.000 ) 
    Source Clock Delay      (SCD):    6.160ns
    Clock Pessimism Removal (CPR):    0.325ns
  Clock Uncertainty:      0.085ns  ((TSJ^2 + DJ^2)^1/2) / 2 + PE
    Total System Jitter     (TSJ):    0.071ns
    Discrete Jitter          (DJ):    0.154ns
    Phase Error              (PE):    0.000ns

    Location             Delay type                Incr(ns)  Path(ns)    Netlist Resource(s)
  -------------------------------------------------------------------    -------------------
                         (clock clk_out rise edge)    0.000     0.000 r  
    W5                                                0.000     0.000 r  clk (IN)
                         net (fo=0)                   0.000     0.000    clk
    W5                   IBUF (Prop_ibuf_I_O)         1.458     1.458 r  clk_ibuf/O
                         net (fo=1, routed)           1.233     2.691    clk_in
    MMCME2_ADV_X1Y0      MMCME2_ADV (Prop_mmcme2_adv_CLKIN1_CLKOUT0)
                                                      0.088     2.779 r  clk_in_mmcme2/CLKOUT0
                         net (fo=2, routed)           1.661     4.441    clk_out
    BUFGCTRL_X0Y0        BUFGCTRL (Prop_bufgctrl_I0_O)
                                                      0.096     4.537 r  clk_out_bufgce/O
                         net (fo=41, routed)          1.623     6.160    u_top_vga/u_vga_timing/CLK
    SLICE_X6Y30          FDCE                                         r  u_top_vga/u_vga_timing/hcount_reg[6]/C
  -------------------------------------------------------------------    -------------------
    SLICE_X6Y30          FDCE (Prop_fdce_C_Q)         0.518     6.678 f  u_top_vga/u_vga_timing/hcount_reg[6]/Q
                         net (fo=20, routed)          0.878     7.556    u_top_vga/u_vga_timing/hcount_reg[10]_0[6]
    SLICE_X6Y31          LUT3 (Prop_lut3_I1_O)        0.153     7.709 f  u_top_vga/u_vga_timing/hcount[10]_i_4/O
                         net (fo=4, routed)           0.970     8.679    u_top_vga/u_vga_timing/hcount[10]_i_4_n_0
    SLICE_X5Y31          LUT6 (Prop_lut6_I3_O)        0.331     9.010 f  u_top_vga/u_vga_timing/hcount[10]_i_2/O
                         net (fo=9, routed)           0.994    10.004    u_top_vga/u_vga_timing/hcount[10]_i_2_n_0
    SLICE_X7Y29          LUT6 (Prop_lut6_I0_O)        0.124    10.128 r  u_top_vga/u_vga_timing/vcount[10]_i_3/O
                         net (fo=3, routed)           0.900    11.028    u_top_vga/u_vga_timing/vcount[10]_i_3_n_0
    SLICE_X9Y29          LUT4 (Prop_lut4_I3_O)        0.152    11.180 f  u_top_vga/u_vga_timing/vcount[7]_i_1/O
                         net (fo=2, routed)           0.688    11.868    u_top_vga/u_vga_timing/vcount[7]_i_1_n_0
    SLICE_X8Y29          LUT4 (Prop_lut4_I2_O)        0.326    12.194 r  u_top_vga/u_vga_timing/vsync_i_2/O
                         net (fo=2, routed)           0.917    13.111    u_top_vga/u_vga_timing/vsync_i_2_n_0
    SLICE_X6Y29          LUT6 (Prop_lut6_I0_O)        0.124    13.235 r  u_top_vga/u_vga_timing/vsync_i_1/O
                         net (fo=1, routed)           0.000    13.235    u_top_vga/u_vga_timing/vsync_nxt
    SLICE_X6Y29          FDCE                                         r  u_top_vga/u_vga_timing/vsync_reg/D
  -------------------------------------------------------------------    -------------------

                         (clock clk_out rise edge)   25.000    25.000 r  
    W5                                                0.000    25.000 r  clk (IN)
                         net (fo=0)                   0.000    25.000    clk
    W5                   IBUF (Prop_ibuf_I_O)         1.388    26.388 r  clk_ibuf/O
                         net (fo=1, routed)           1.162    27.550    clk_in
    MMCME2_ADV_X1Y0      MMCME2_ADV (Prop_mmcme2_adv_CLKIN1_CLKOUT0)
                                                      0.083    27.633 r  clk_in_mmcme2/CLKOUT0
                         net (fo=2, routed)           1.581    29.214    clk_out
    BUFGCTRL_X0Y0        BUFGCTRL (Prop_bufgctrl_I0_O)
                                                      0.091    29.305 r  clk_out_bufgce/O
                         net (fo=41, routed)          1.506    30.811    u_top_vga/u_vga_timing/CLK
    SLICE_X6Y29          FDCE                                         r  u_top_vga/u_vga_timing/vsync_reg/C
                         clock pessimism              0.325    31.136    
                         clock uncertainty           -0.085    31.052    
    SLICE_X6Y29          FDCE (Setup_fdce_C_D)        0.081    31.133    u_top_vga/u_vga_timing/vsync_reg
  -------------------------------------------------------------------
                         required time                         31.133    
                         arrival time                         -13.235    
  -------------------------------------------------------------------
                         slack                                 17.898    





Min Delay Paths
--------------------------------------------------------------------------------------
Slack (MET) :             0.122ns  (arrival time - required time)
  Source:                 safe_start_reg[0]/C
                            (rising edge-triggered cell FDRE clocked by clk_out  {rise@0.000ns fall@12.500ns period=25.000ns})
  Destination:            safe_start_reg[1]/D
                            (rising edge-triggered cell FDRE clocked by clk_out  {rise@0.000ns fall@12.500ns period=25.000ns})
  Path Group:             clk_out
  Path Type:              Hold (Min at Fast Process Corner)
  Requirement:            0.000ns  (clk_out rise@0.000ns - clk_out rise@0.000ns)
  Data Path Delay:        0.197ns  (logic 0.141ns (71.611%)  route 0.056ns (28.389%))
  Logic Levels:           0  
  Clock Path Skew:        0.000ns (DCD - SCD - CPR)
    Destination Clock Delay (DCD):    1.894ns
    Source Clock Delay      (SCD):    1.375ns
    Clock Pessimism Removal (CPR):    0.520ns

    Location             Delay type                Incr(ns)  Path(ns)    Netlist Resource(s)
  -------------------------------------------------------------------    -------------------
                         (clock clk_out rise edge)    0.000     0.000 r  
    W5                                                0.000     0.000 r  clk (IN)
                         net (fo=0)                   0.000     0.000    clk
    W5                   IBUF (Prop_ibuf_I_O)         0.226     0.226 r  clk_ibuf/O
                         net (fo=1, routed)           0.440     0.667    clk_in
    MMCME2_ADV_X1Y0      MMCME2_ADV (Prop_mmcme2_adv_CLKIN1_CLKOUT0)
                                                      0.050     0.717 r  clk_in_mmcme2/CLKOUT0
                         net (fo=2, routed)           0.366     1.083    clk_out
    BUFHCE_X0Y0          BUFH (Prop_bufh_I_O)         0.020     1.103 r  clk_out_bufh/O
                         net (fo=8, routed)           0.272     1.375    clk_ss
    SLICE_X35Y45         FDRE                                         r  safe_start_reg[0]/C
  -------------------------------------------------------------------    -------------------
    SLICE_X35Y45         FDRE (Prop_fdre_C_Q)         0.141     1.516 r  safe_start_reg[0]/Q
                         net (fo=1, routed)           0.056     1.572    safe_start[0]
    SLICE_X35Y45         FDRE                                         r  safe_start_reg[1]/D
  -------------------------------------------------------------------    -------------------

                         (clock clk_out rise edge)    0.000     0.000 r  
    W5                                                0.000     0.000 r  clk (IN)
                         net (fo=0)                   0.000     0.000    clk
    W5                   IBUF (Prop_ibuf_I_O)         0.414     0.414 r  clk_ibuf/O
                         net (fo=1, routed)           0.480     0.894    clk_in
    MMCME2_ADV_X1Y0      MMCME2_ADV (Prop_mmcme2_adv_CLKIN1_CLKOUT0)
                                                      0.053     0.947 r  clk_in_mmcme2/CLKOUT0
                         net (fo=2, routed)           0.407     1.354    clk_out
    BUFHCE_X0Y0          BUFH (Prop_bufh_I_O)         0.043     1.397 r  clk_out_bufh/O
                         net (fo=8, routed)           0.497     1.894    clk_ss
    SLICE_X35Y45         FDRE                                         r  safe_start_reg[1]/C
                         clock pessimism             -0.520     1.375    
    SLICE_X35Y45         FDRE (Hold_fdre_C_D)         0.075     1.450    safe_start_reg[1]
  -------------------------------------------------------------------
                         required time                         -1.450    
                         arrival time                           1.572    
  -------------------------------------------------------------------
                         slack                                  0.122    

Slack (MET) :             0.189ns  (arrival time - required time)
  Source:                 safe_start_reg[6]/C
                            (rising edge-triggered cell FDRE clocked by clk_out  {rise@0.000ns fall@12.500ns period=25.000ns})
  Destination:            safe_start_reg[7]/D
                            (rising edge-triggered cell FDRE clocked by clk_out  {rise@0.000ns fall@12.500ns period=25.000ns})
  Path Group:             clk_out
  Path Type:              Hold (Min at Fast Process Corner)
  Requirement:            0.000ns  (clk_out rise@0.000ns - clk_out rise@0.000ns)
  Data Path Delay:        0.183ns  (logic 0.128ns (69.867%)  route 0.055ns (30.133%))
  Logic Levels:           0  
  Clock Path Skew:        0.000ns (DCD - SCD - CPR)
    Destination Clock Delay (DCD):    1.894ns
    Source Clock Delay      (SCD):    1.375ns
    Clock Pessimism Removal (CPR):    0.520ns

    Location             Delay type                Incr(ns)  Path(ns)    Netlist Resource(s)
  -------------------------------------------------------------------    -------------------
                         (clock clk_out rise edge)    0.000     0.000 r  
    W5                                                0.000     0.000 r  clk (IN)
                         net (fo=0)                   0.000     0.000    clk
    W5                   IBUF (Prop_ibuf_I_O)         0.226     0.226 r  clk_ibuf/O
                         net (fo=1, routed)           0.440     0.667    clk_in
    MMCME2_ADV_X1Y0      MMCME2_ADV (Prop_mmcme2_adv_CLKIN1_CLKOUT0)
                                                      0.050     0.717 r  clk_in_mmcme2/CLKOUT0
                         net (fo=2, routed)           0.366     1.083    clk_out
    BUFHCE_X0Y0          BUFH (Prop_bufh_I_O)         0.020     1.103 r  clk_out_bufh/O
                         net (fo=8, routed)           0.272     1.375    clk_ss
    SLICE_X35Y45         FDRE                                         r  safe_start_reg[6]/C
  -------------------------------------------------------------------    -------------------
    SLICE_X35Y45         FDRE (Prop_fdre_C_Q)         0.128     1.503 r  safe_start_reg[6]/Q
                         net (fo=1, routed)           0.055     1.558    safe_start[6]
    SLICE_X35Y45         FDRE                                         r  safe_start_reg[7]/D
  -------------------------------------------------------------------    -------------------

                         (clock clk_out rise edge)    0.000     0.000 r  
    W5                                                0.000     0.000 r  clk (IN)
                         net (fo=0)                   0.000     0.000    clk
    W5                   IBUF (Prop_ibuf_I_O)         0.414     0.414 r  clk_ibuf/O
                         net (fo=1, routed)           0.480     0.894    clk_in
    MMCME2_ADV_X1Y0      MMCME2_ADV (Prop_mmcme2_adv_CLKIN1_CLKOUT0)
                                                      0.053     0.947 r  clk_in_mmcme2/CLKOUT0
                         net (fo=2, routed)           0.407     1.354    clk_out
    BUFHCE_X0Y0          BUFH (Prop_bufh_I_O)         0.043     1.397 r  clk_out_bufh/O
                         net (fo=8, routed)           0.497     1.894    clk_ss
    SLICE_X35Y45         FDRE                                         r  safe_start_reg[7]/C
                         clock pessimism             -0.520     1.375    
    SLICE_X35Y45         FDRE (Hold_fdre_C_D)        -0.006     1.369    safe_start_reg[7]
  -------------------------------------------------------------------
                         required time                         -1.369    
                         arrival time                           1.558    
  -------------------------------------------------------------------
                         slack                                  0.189    

Slack (MET) :             0.196ns  (arrival time - required time)
  Source:                 u_top_vga/u_vga_timing/vcount_reg[0]/C
                            (rising edge-triggered cell FDCE clocked by clk_out  {rise@0.000ns fall@12.500ns period=25.000ns})
  Destination:            u_top_vga/u_vga_timing/vsync_reg/D
                            (rising edge-triggered cell FDCE clocked by clk_out  {rise@0.000ns fall@12.500ns period=25.000ns})
  Path Group:             clk_out
  Path Type:              Hold (Min at Fast Process Corner)
  Requirement:            0.000ns  (clk_out rise@0.000ns - clk_out rise@0.000ns)
  Data Path Delay:        0.330ns  (logic 0.186ns (56.442%)  route 0.144ns (43.558%))
  Logic Levels:           1  (LUT6=1)
  Clock Path Skew:        0.013ns (DCD - SCD - CPR)
    Destination Clock Delay (DCD):    2.358ns
    Source Clock Delay      (SCD):    1.813ns
    Clock Pessimism Removal (CPR):    0.532ns

    Location             Delay type                Incr(ns)  Path(ns)    Netlist Resource(s)
  -------------------------------------------------------------------    -------------------
                         (clock clk_out rise edge)    0.000     0.000 r  
    W5                                                0.000     0.000 r  clk (IN)
                         net (fo=0)                   0.000     0.000    clk
    W5                   IBUF (Prop_ibuf_I_O)         0.226     0.226 r  clk_ibuf/O
                         net (fo=1, routed)           0.440     0.667    clk_in
    MMCME2_ADV_X1Y0      MMCME2_ADV (Prop_mmcme2_adv_CLKIN1_CLKOUT0)
                                                      0.050     0.717 r  clk_in_mmcme2/CLKOUT0
                         net (fo=2, routed)           0.486     1.203    clk_out
    BUFGCTRL_X0Y0        BUFGCTRL (Prop_bufgctrl_I0_O)
                                                      0.026     1.229 r  clk_out_bufgce/O
                         net (fo=41, routed)          0.585     1.813    u_top_vga/u_vga_timing/CLK
    SLICE_X7Y30          FDCE                                         r  u_top_vga/u_vga_timing/vcount_reg[0]/C
  -------------------------------------------------------------------    -------------------
    SLICE_X7Y30          FDCE (Prop_fdce_C_Q)         0.141     1.954 r  u_top_vga/u_vga_timing/vcount_reg[0]/Q
                         net (fo=19, routed)          0.144     2.098    u_top_vga/u_vga_timing/A[0]
    SLICE_X6Y29          LUT6 (Prop_lut6_I2_O)        0.045     2.143 r  u_top_vga/u_vga_timing/vsync_i_1/O
                         net (fo=1, routed)           0.000     2.143    u_top_vga/u_vga_timing/vsync_nxt
    SLICE_X6Y29          FDCE                                         r  u_top_vga/u_vga_timing/vsync_reg/D
  -------------------------------------------------------------------    -------------------

                         (clock clk_out rise edge)    0.000     0.000 r  
    W5                                                0.000     0.000 r  clk (IN)
                         net (fo=0)                   0.000     0.000    clk
    W5                   IBUF (Prop_ibuf_I_O)         0.414     0.414 r  clk_ibuf/O
                         net (fo=1, routed)           0.480     0.894    clk_in
    MMCME2_ADV_X1Y0      MMCME2_ADV (Prop_mmcme2_adv_CLKIN1_CLKOUT0)
                                                      0.053     0.947 r  clk_in_mmcme2/CLKOUT0
                         net (fo=2, routed)           0.530     1.477    clk_out
    BUFGCTRL_X0Y0        BUFGCTRL (Prop_bufgctrl_I0_O)
                                                      0.029     1.506 r  clk_out_bufgce/O
                         net (fo=41, routed)          0.853     2.358    u_top_vga/u_vga_timing/CLK
    SLICE_X6Y29          FDCE                                         r  u_top_vga/u_vga_timing/vsync_reg/C
                         clock pessimism             -0.532     1.826    
    SLICE_X6Y29          FDCE (Hold_fdce_C_D)         0.121     1.947    u_top_vga/u_vga_timing/vsync_reg
  -------------------------------------------------------------------
                         required time                         -1.947    
                         arrival time                           2.143    
  -------------------------------------------------------------------
                         slack                                  0.196    

Slack (MET) :             0.230ns  (arrival time - required time)
  Source:                 safe_start_reg[1]/C
                            (rising edge-triggered cell FDRE clocked by clk_out  {rise@0.000ns fall@12.500ns period=25.000ns})
  Destination:            safe_start_reg[2]/D
                            (rising edge-triggered cell FDRE clocked by clk_out  {rise@0.000ns fall@12.500ns period=25.000ns})
  Path Group:             clk_out
  Path Type:              Hold (Min at Fast Process Corner)
  Requirement:            0.000ns  (clk_out rise@0.000ns - clk_out rise@0.000ns)
  Data Path Delay:        0.247ns  (logic 0.128ns (51.736%)  route 0.119ns (48.264%))
  Logic Levels:           0  
  Clock Path Skew:        0.000ns (DCD - SCD - CPR)
    Destination Clock Delay (DCD):    1.894ns
    Source Clock Delay      (SCD):    1.375ns
    Clock Pessimism Removal (CPR):    0.520ns

    Location             Delay type                Incr(ns)  Path(ns)    Netlist Resource(s)
  -------------------------------------------------------------------    -------------------
                         (clock clk_out rise edge)    0.000     0.000 r  
    W5                                                0.000     0.000 r  clk (IN)
                         net (fo=0)                   0.000     0.000    clk
    W5                   IBUF (Prop_ibuf_I_O)         0.226     0.226 r  clk_ibuf/O
                         net (fo=1, routed)           0.440     0.667    clk_in
    MMCME2_ADV_X1Y0      MMCME2_ADV (Prop_mmcme2_adv_CLKIN1_CLKOUT0)
                                                      0.050     0.717 r  clk_in_mmcme2/CLKOUT0
                         net (fo=2, routed)           0.366     1.083    clk_out
    BUFHCE_X0Y0          BUFH (Prop_bufh_I_O)         0.020     1.103 r  clk_out_bufh/O
                         net (fo=8, routed)           0.272     1.375    clk_ss
    SLICE_X35Y45         FDRE                                         r  safe_start_reg[1]/C
  -------------------------------------------------------------------    -------------------
    SLICE_X35Y45         FDRE (Prop_fdre_C_Q)         0.128     1.503 r  safe_start_reg[1]/Q
                         net (fo=1, routed)           0.119     1.622    safe_start[1]
    SLICE_X35Y45         FDRE                                         r  safe_start_reg[2]/D
  -------------------------------------------------------------------    -------------------

                         (clock clk_out rise edge)    0.000     0.000 r  
    W5                                                0.000     0.000 r  clk (IN)
                         net (fo=0)                   0.000     0.000    clk
    W5                   IBUF (Prop_ibuf_I_O)         0.414     0.414 r  clk_ibuf/O
                         net (fo=1, routed)           0.480     0.894    clk_in
    MMCME2_ADV_X1Y0      MMCME2_ADV (Prop_mmcme2_adv_CLKIN1_CLKOUT0)
                                                      0.053     0.947 r  clk_in_mmcme2/CLKOUT0
                         net (fo=2, routed)           0.407     1.354    clk_out
    BUFHCE_X0Y0          BUFH (Prop_bufh_I_O)         0.043     1.397 r  clk_out_bufh/O
                         net (fo=8, routed)           0.497     1.894    clk_ss
    SLICE_X35Y45         FDRE                                         r  safe_start_reg[2]/C
                         clock pessimism             -0.520     1.375    
    SLICE_X35Y45         FDRE (Hold_fdre_C_D)         0.017     1.392    safe_start_reg[2]
  -------------------------------------------------------------------
                         required time                         -1.392    
                         arrival time                           1.622    
  -------------------------------------------------------------------
                         slack                                  0.230    

Slack (MET) :             0.235ns  (arrival time - required time)
  Source:                 u_top_vga/u_vga_timing/vsync_reg/C
                            (rising edge-triggered cell FDCE clocked by clk_out  {rise@0.000ns fall@12.500ns period=25.000ns})
  Destination:            u_top_vga/u_draw_bg/vsync_out_reg/D
                            (rising edge-triggered cell FDRE clocked by clk_out  {rise@0.000ns fall@12.500ns period=25.000ns})
  Path Group:             clk_out
  Path Type:              Hold (Min at Fast Process Corner)
  Requirement:            0.000ns  (clk_out rise@0.000ns - clk_out rise@0.000ns)
  Data Path Delay:        0.318ns  (logic 0.164ns (51.592%)  route 0.154ns (48.408%))
  Logic Levels:           0  
  Clock Path Skew:        0.013ns (DCD - SCD - CPR)
    Destination Clock Delay (DCD):    2.357ns
    Source Clock Delay      (SCD):    1.812ns
    Clock Pessimism Removal (CPR):    0.532ns

    Location             Delay type                Incr(ns)  Path(ns)    Netlist Resource(s)
  -------------------------------------------------------------------    -------------------
                         (clock clk_out rise edge)    0.000     0.000 r  
    W5                                                0.000     0.000 r  clk (IN)
                         net (fo=0)                   0.000     0.000    clk
    W5                   IBUF (Prop_ibuf_I_O)         0.226     0.226 r  clk_ibuf/O
                         net (fo=1, routed)           0.440     0.667    clk_in
    MMCME2_ADV_X1Y0      MMCME2_ADV (Prop_mmcme2_adv_CLKIN1_CLKOUT0)
                                                      0.050     0.717 r  clk_in_mmcme2/CLKOUT0
                         net (fo=2, routed)           0.486     1.203    clk_out
    BUFGCTRL_X0Y0        BUFGCTRL (Prop_bufgctrl_I0_O)
                                                      0.026     1.229 r  clk_out_bufgce/O
                         net (fo=41, routed)          0.584     1.812    u_top_vga/u_vga_timing/CLK
    SLICE_X6Y29          FDCE                                         r  u_top_vga/u_vga_timing/vsync_reg/C
  -------------------------------------------------------------------    -------------------
    SLICE_X6Y29          FDCE (Prop_fdce_C_Q)         0.164     1.976 r  u_top_vga/u_vga_timing/vsync_reg/Q
                         net (fo=1, routed)           0.154     2.130    u_top_vga/u_draw_bg/vsync
    SLICE_X5Y28          FDRE                                         r  u_top_vga/u_draw_bg/vsync_out_reg/D
  -------------------------------------------------------------------    -------------------

                         (clock clk_out rise edge)    0.000     0.000 r  
    W5                                                0.000     0.000 r  clk (IN)
                         net (fo=0)                   0.000     0.000    clk
    W5                   IBUF (Prop_ibuf_I_O)         0.414     0.414 r  clk_ibuf/O
                         net (fo=1, routed)           0.480     0.894    clk_in
    MMCME2_ADV_X1Y0      MMCME2_ADV (Prop_mmcme2_adv_CLKIN1_CLKOUT0)
                                                      0.053     0.947 r  clk_in_mmcme2/CLKOUT0
                         net (fo=2, routed)           0.530     1.477    clk_out
    BUFGCTRL_X0Y0        BUFGCTRL (Prop_bufgctrl_I0_O)
                                                      0.029     1.506 r  clk_out_bufgce/O
                         net (fo=41, routed)          0.852     2.357    u_top_vga/u_draw_bg/CLK
    SLICE_X5Y28          FDRE                                         r  u_top_vga/u_draw_bg/vsync_out_reg/C
                         clock pessimism             -0.532     1.825    
    SLICE_X5Y28          FDRE (Hold_fdre_C_D)         0.070     1.895    u_top_vga/u_draw_bg/vsync_out_reg
  -------------------------------------------------------------------
                         required time                         -1.895    
                         arrival time                           2.130    
  -------------------------------------------------------------------
                         slack                                  0.235    

Slack (MET) :             0.239ns  (arrival time - required time)
  Source:                 u_top_vga/u_vga_timing/hcount_reg[9]/C
                            (rising edge-triggered cell FDCE clocked by clk_out  {rise@0.000ns fall@12.500ns period=25.000ns})
  Destination:            u_top_vga/u_vga_timing/hcount_reg[9]/D
                            (rising edge-triggered cell FDCE clocked by clk_out  {rise@0.000ns fall@12.500ns period=25.000ns})
  Path Group:             clk_out
  Path Type:              Hold (Min at Fast Process Corner)
  Requirement:            0.000ns  (clk_out rise@0.000ns - clk_out rise@0.000ns)
  Data Path Delay:        0.331ns  (logic 0.186ns (56.112%)  route 0.145ns (43.888%))
  Logic Levels:           1  (LUT3=1)
  Clock Path Skew:        0.000ns (DCD - SCD - CPR)
    Destination Clock Delay (DCD):    2.359ns
    Source Clock Delay      (SCD):    1.813ns
    Clock Pessimism Removal (CPR):    0.546ns

    Location             Delay type                Incr(ns)  Path(ns)    Netlist Resource(s)
  -------------------------------------------------------------------    -------------------
                         (clock clk_out rise edge)    0.000     0.000 r  
    W5                                                0.000     0.000 r  clk (IN)
                         net (fo=0)                   0.000     0.000    clk
    W5                   IBUF (Prop_ibuf_I_O)         0.226     0.226 r  clk_ibuf/O
                         net (fo=1, routed)           0.440     0.667    clk_in
    MMCME2_ADV_X1Y0      MMCME2_ADV (Prop_mmcme2_adv_CLKIN1_CLKOUT0)
                                                      0.050     0.717 r  clk_in_mmcme2/CLKOUT0
                         net (fo=2, routed)           0.486     1.203    clk_out
    BUFGCTRL_X0Y0        BUFGCTRL (Prop_bufgctrl_I0_O)
                                                      0.026     1.229 r  clk_out_bufgce/O
                         net (fo=41, routed)          0.585     1.813    u_top_vga/u_vga_timing/CLK
    SLICE_X5Y30          FDCE                                         r  u_top_vga/u_vga_timing/hcount_reg[9]/C
  -------------------------------------------------------------------    -------------------
    SLICE_X5Y30          FDCE (Prop_fdce_C_Q)         0.141     1.954 r  u_top_vga/u_vga_timing/hcount_reg[9]/Q
                         net (fo=15, routed)          0.145     2.100    u_top_vga/u_vga_timing/hcount_reg[10]_0[9]
    SLICE_X5Y30          LUT3 (Prop_lut3_I0_O)        0.045     2.145 r  u_top_vga/u_vga_timing/hcount[9]_i_1/O
                         net (fo=1, routed)           0.000     2.145    u_top_vga/u_vga_timing/hcount_nxt[9]
    SLICE_X5Y30          FDCE                                         r  u_top_vga/u_vga_timing/hcount_reg[9]/D
  -------------------------------------------------------------------    -------------------

                         (clock clk_out rise edge)    0.000     0.000 r  
    W5                                                0.000     0.000 r  clk (IN)
                         net (fo=0)                   0.000     0.000    clk
    W5                   IBUF (Prop_ibuf_I_O)         0.414     0.414 r  clk_ibuf/O
                         net (fo=1, routed)           0.480     0.894    clk_in
    MMCME2_ADV_X1Y0      MMCME2_ADV (Prop_mmcme2_adv_CLKIN1_CLKOUT0)
                                                      0.053     0.947 r  clk_in_mmcme2/CLKOUT0
                         net (fo=2, routed)           0.530     1.477    clk_out
    BUFGCTRL_X0Y0        BUFGCTRL (Prop_bufgctrl_I0_O)
                                                      0.029     1.506 r  clk_out_bufgce/O
                         net (fo=41, routed)          0.854     2.359    u_top_vga/u_vga_timing/CLK
    SLICE_X5Y30          FDCE                                         r  u_top_vga/u_vga_timing/hcount_reg[9]/C
                         clock pessimism             -0.546     1.813    
    SLICE_X5Y30          FDCE (Hold_fdce_C_D)         0.092     1.905    u_top_vga/u_vga_timing/hcount_reg[9]
  -------------------------------------------------------------------
                         required time                         -1.905    
                         arrival time                           2.145    
  -------------------------------------------------------------------
                         slack                                  0.239    

Slack (MET) :             0.241ns  (arrival time - required time)
  Source:                 u_top_vga/u_vga_timing/hsync_reg/C
                            (rising edge-triggered cell FDCE clocked by clk_out  {rise@0.000ns fall@12.500ns period=25.000ns})
  Destination:            u_top_vga/u_draw_bg/hsync_out_reg/D
                            (rising edge-triggered cell FDRE clocked by clk_out  {rise@0.000ns fall@12.500ns period=25.000ns})
  Path Group:             clk_out
  Path Type:              Hold (Min at Fast Process Corner)
  Requirement:            0.000ns  (clk_out rise@0.000ns - clk_out rise@0.000ns)
  Data Path Delay:        0.323ns  (logic 0.164ns (50.779%)  route 0.159ns (49.221%))
  Logic Levels:           0  
  Clock Path Skew:        0.012ns (DCD - SCD - CPR)
    Destination Clock Delay (DCD):    2.359ns
    Source Clock Delay      (SCD):    1.815ns
    Clock Pessimism Removal (CPR):    0.532ns

    Location             Delay type                Incr(ns)  Path(ns)    Netlist Resource(s)
  -------------------------------------------------------------------    -------------------
                         (clock clk_out rise edge)    0.000     0.000 r  
    W5                                                0.000     0.000 r  clk (IN)
                         net (fo=0)                   0.000     0.000    clk
    W5                   IBUF (Prop_ibuf_I_O)         0.226     0.226 r  clk_ibuf/O
                         net (fo=1, routed)           0.440     0.667    clk_in
    MMCME2_ADV_X1Y0      MMCME2_ADV (Prop_mmcme2_adv_CLKIN1_CLKOUT0)
                                                      0.050     0.717 r  clk_in_mmcme2/CLKOUT0
                         net (fo=2, routed)           0.486     1.203    clk_out
    BUFGCTRL_X0Y0        BUFGCTRL (Prop_bufgctrl_I0_O)
                                                      0.026     1.229 r  clk_out_bufgce/O
                         net (fo=41, routed)          0.587     1.815    u_top_vga/u_vga_timing/CLK
    SLICE_X6Y32          FDCE                                         r  u_top_vga/u_vga_timing/hsync_reg/C
  -------------------------------------------------------------------    -------------------
    SLICE_X6Y32          FDCE (Prop_fdce_C_Q)         0.164     1.979 r  u_top_vga/u_vga_timing/hsync_reg/Q
                         net (fo=1, routed)           0.159     2.138    u_top_vga/u_draw_bg/hsync
    SLICE_X4Y30          FDRE                                         r  u_top_vga/u_draw_bg/hsync_out_reg/D
  -------------------------------------------------------------------    -------------------

                         (clock clk_out rise edge)    0.000     0.000 r  
    W5                                                0.000     0.000 r  clk (IN)
                         net (fo=0)                   0.000     0.000    clk
    W5                   IBUF (Prop_ibuf_I_O)         0.414     0.414 r  clk_ibuf/O
                         net (fo=1, routed)           0.480     0.894    clk_in
    MMCME2_ADV_X1Y0      MMCME2_ADV (Prop_mmcme2_adv_CLKIN1_CLKOUT0)
                                                      0.053     0.947 r  clk_in_mmcme2/CLKOUT0
                         net (fo=2, routed)           0.530     1.477    clk_out
    BUFGCTRL_X0Y0        BUFGCTRL (Prop_bufgctrl_I0_O)
                                                      0.029     1.506 r  clk_out_bufgce/O
                         net (fo=41, routed)          0.854     2.359    u_top_vga/u_draw_bg/CLK
    SLICE_X4Y30          FDRE                                         r  u_top_vga/u_draw_bg/hsync_out_reg/C
                         clock pessimism             -0.532     1.827    
    SLICE_X4Y30          FDRE (Hold_fdre_C_D)         0.070     1.897    u_top_vga/u_draw_bg/hsync_out_reg
  -------------------------------------------------------------------
                         required time                         -1.897    
                         arrival time                           2.138    
  -------------------------------------------------------------------
                         slack                                  0.241    

Slack (MET) :             0.241ns  (arrival time - required time)
  Source:                 u_top_vga/u_vga_timing/hcount_reg[9]/C
                            (rising edge-triggered cell FDCE clocked by clk_out  {rise@0.000ns fall@12.500ns period=25.000ns})
  Destination:            u_top_vga/u_vga_timing/hblnk_reg/D
                            (rising edge-triggered cell FDCE clocked by clk_out  {rise@0.000ns fall@12.500ns period=25.000ns})
  Path Group:             clk_out
  Path Type:              Hold (Min at Fast Process Corner)
  Requirement:            0.000ns  (clk_out rise@0.000ns - clk_out rise@0.000ns)
  Data Path Delay:        0.332ns  (logic 0.186ns (55.944%)  route 0.146ns (44.056%))
  Logic Levels:           1  (LUT6=1)
  Clock Path Skew:        0.000ns (DCD - SCD - CPR)
    Destination Clock Delay (DCD):    2.359ns
    Source Clock Delay      (SCD):    1.813ns
    Clock Pessimism Removal (CPR):    0.546ns

    Location             Delay type                Incr(ns)  Path(ns)    Netlist Resource(s)
  -------------------------------------------------------------------    -------------------
                         (clock clk_out rise edge)    0.000     0.000 r  
    W5                                                0.000     0.000 r  clk (IN)
                         net (fo=0)                   0.000     0.000    clk
    W5                   IBUF (Prop_ibuf_I_O)         0.226     0.226 r  clk_ibuf/O
                         net (fo=1, routed)           0.440     0.667    clk_in
    MMCME2_ADV_X1Y0      MMCME2_ADV (Prop_mmcme2_adv_CLKIN1_CLKOUT0)
                                                      0.050     0.717 r  clk_in_mmcme2/CLKOUT0
                         net (fo=2, routed)           0.486     1.203    clk_out
    BUFGCTRL_X0Y0        BUFGCTRL (Prop_bufgctrl_I0_O)
                                                      0.026     1.229 r  clk_out_bufgce/O
                         net (fo=41, routed)          0.585     1.813    u_top_vga/u_vga_timing/CLK
    SLICE_X5Y30          FDCE                                         r  u_top_vga/u_vga_timing/hcount_reg[9]/C
  -------------------------------------------------------------------    -------------------
    SLICE_X5Y30          FDCE (Prop_fdce_C_Q)         0.141     1.954 r  u_top_vga/u_vga_timing/hcount_reg[9]/Q
                         net (fo=15, routed)          0.146     2.101    u_top_vga/u_vga_timing/hcount_reg[10]_0[9]
    SLICE_X5Y30          LUT6 (Prop_lut6_I5_O)        0.045     2.146 r  u_top_vga/u_vga_timing/hblnk_i_1/O
                         net (fo=1, routed)           0.000     2.146    u_top_vga/u_vga_timing/hblnk_nxt
    SLICE_X5Y30          FDCE                                         r  u_top_vga/u_vga_timing/hblnk_reg/D
  -------------------------------------------------------------------    -------------------

                         (clock clk_out rise edge)    0.000     0.000 r  
    W5                                                0.000     0.000 r  clk (IN)
                         net (fo=0)                   0.000     0.000    clk
    W5                   IBUF (Prop_ibuf_I_O)         0.414     0.414 r  clk_ibuf/O
                         net (fo=1, routed)           0.480     0.894    clk_in
    MMCME2_ADV_X1Y0      MMCME2_ADV (Prop_mmcme2_adv_CLKIN1_CLKOUT0)
                                                      0.053     0.947 r  clk_in_mmcme2/CLKOUT0
                         net (fo=2, routed)           0.530     1.477    clk_out
    BUFGCTRL_X0Y0        BUFGCTRL (Prop_bufgctrl_I0_O)
                                                      0.029     1.506 r  clk_out_bufgce/O
                         net (fo=41, routed)          0.854     2.359    u_top_vga/u_vga_timing/CLK
    SLICE_X5Y30          FDCE                                         r  u_top_vga/u_vga_timing/hblnk_reg/C
                         clock pessimism             -0.546     1.813    
    SLICE_X5Y30          FDCE (Hold_fdce_C_D)         0.091     1.904    u_top_vga/u_vga_timing/hblnk_reg
  -------------------------------------------------------------------
                         required time                         -1.904    
                         arrival time                           2.146    
  -------------------------------------------------------------------
                         slack                                  0.241    

Slack (MET) :             0.245ns  (arrival time - required time)
  Source:                 u_top_vga/u_vga_timing/hcount_reg[4]/C
                            (rising edge-triggered cell FDCE clocked by clk_out  {rise@0.000ns fall@12.500ns period=25.000ns})
  Destination:            u_top_vga/u_vga_timing/hcount_reg[8]/D
                            (rising edge-triggered cell FDCE clocked by clk_out  {rise@0.000ns fall@12.500ns period=25.000ns})
  Path Group:             clk_out
  Path Type:              Hold (Min at Fast Process Corner)
  Requirement:            0.000ns  (clk_out rise@0.000ns - clk_out rise@0.000ns)
  Data Path Delay:        0.349ns  (logic 0.209ns (59.929%)  route 0.140ns (40.071%))
  Logic Levels:           1  (LUT6=1)
  Clock Path Skew:        0.013ns (DCD - SCD - CPR)
    Destination Clock Delay (DCD):    2.360ns
    Source Clock Delay      (SCD):    1.814ns
    Clock Pessimism Removal (CPR):    0.533ns

    Location             Delay type                Incr(ns)  Path(ns)    Netlist Resource(s)
  -------------------------------------------------------------------    -------------------
                         (clock clk_out rise edge)    0.000     0.000 r  
    W5                                                0.000     0.000 r  clk (IN)
                         net (fo=0)                   0.000     0.000    clk
    W5                   IBUF (Prop_ibuf_I_O)         0.226     0.226 r  clk_ibuf/O
                         net (fo=1, routed)           0.440     0.667    clk_in
    MMCME2_ADV_X1Y0      MMCME2_ADV (Prop_mmcme2_adv_CLKIN1_CLKOUT0)
                                                      0.050     0.717 r  clk_in_mmcme2/CLKOUT0
                         net (fo=2, routed)           0.486     1.203    clk_out
    BUFGCTRL_X0Y0        BUFGCTRL (Prop_bufgctrl_I0_O)
                                                      0.026     1.229 r  clk_out_bufgce/O
                         net (fo=41, routed)          0.586     1.814    u_top_vga/u_vga_timing/CLK
    SLICE_X6Y31          FDCE                                         r  u_top_vga/u_vga_timing/hcount_reg[4]/C
  -------------------------------------------------------------------    -------------------
    SLICE_X6Y31          FDCE (Prop_fdce_C_Q)         0.164     1.978 r  u_top_vga/u_vga_timing/hcount_reg[4]/Q
                         net (fo=24, routed)          0.140     2.118    u_top_vga/u_vga_timing/hcount_reg[10]_0[4]
    SLICE_X7Y31          LUT6 (Prop_lut6_I5_O)        0.045     2.163 r  u_top_vga/u_vga_timing/hcount[8]_i_1/O
                         net (fo=1, routed)           0.000     2.163    u_top_vga/u_vga_timing/hcount[8]_i_1_n_0
    SLICE_X7Y31          FDCE                                         r  u_top_vga/u_vga_timing/hcount_reg[8]/D
  -------------------------------------------------------------------    -------------------

                         (clock clk_out rise edge)    0.000     0.000 r  
    W5                                                0.000     0.000 r  clk (IN)
                         net (fo=0)                   0.000     0.000    clk
    W5                   IBUF (Prop_ibuf_I_O)         0.414     0.414 r  clk_ibuf/O
                         net (fo=1, routed)           0.480     0.894    clk_in
    MMCME2_ADV_X1Y0      MMCME2_ADV (Prop_mmcme2_adv_CLKIN1_CLKOUT0)
                                                      0.053     0.947 r  clk_in_mmcme2/CLKOUT0
                         net (fo=2, routed)           0.530     1.477    clk_out
    BUFGCTRL_X0Y0        BUFGCTRL (Prop_bufgctrl_I0_O)
                                                      0.029     1.506 r  clk_out_bufgce/O
                         net (fo=41, routed)          0.855     2.360    u_top_vga/u_vga_timing/CLK
    SLICE_X7Y31          FDCE                                         r  u_top_vga/u_vga_timing/hcount_reg[8]/C
                         clock pessimism             -0.533     1.827    
    SLICE_X7Y31          FDCE (Hold_fdce_C_D)         0.091     1.918    u_top_vga/u_vga_timing/hcount_reg[8]
  -------------------------------------------------------------------
                         required time                         -1.918    
                         arrival time                           2.163    
  -------------------------------------------------------------------
                         slack                                  0.245    

Slack (MET) :             0.288ns  (arrival time - required time)
  Source:                 u_top_vga/u_vga_timing/vcount_reg[6]/C
                            (rising edge-triggered cell FDCE clocked by clk_out  {rise@0.000ns fall@12.500ns period=25.000ns})
  Destination:            u_top_vga/u_vga_timing/vcount_reg[6]/D
                            (rising edge-triggered cell FDCE clocked by clk_out  {rise@0.000ns fall@12.500ns period=25.000ns})
  Path Group:             clk_out
  Path Type:              Hold (Min at Fast Process Corner)
  Requirement:            0.000ns  (clk_out rise@0.000ns - clk_out rise@0.000ns)
  Data Path Delay:        0.408ns  (logic 0.209ns (51.275%)  route 0.199ns (48.725%))
  Logic Levels:           1  (LUT4=1)
  Clock Path Skew:        0.000ns (DCD - SCD - CPR)
    Destination Clock Delay (DCD):    2.330ns
    Source Clock Delay      (SCD):    1.785ns
    Clock Pessimism Removal (CPR):    0.545ns

    Location             Delay type                Incr(ns)  Path(ns)    Netlist Resource(s)
  -------------------------------------------------------------------    -------------------
                         (clock clk_out rise edge)    0.000     0.000 r  
    W5                                                0.000     0.000 r  clk (IN)
                         net (fo=0)                   0.000     0.000    clk
    W5                   IBUF (Prop_ibuf_I_O)         0.226     0.226 r  clk_ibuf/O
                         net (fo=1, routed)           0.440     0.667    clk_in
    MMCME2_ADV_X1Y0      MMCME2_ADV (Prop_mmcme2_adv_CLKIN1_CLKOUT0)
                                                      0.050     0.717 r  clk_in_mmcme2/CLKOUT0
                         net (fo=2, routed)           0.486     1.203    clk_out
    BUFGCTRL_X0Y0        BUFGCTRL (Prop_bufgctrl_I0_O)
                                                      0.026     1.229 r  clk_out_bufgce/O
                         net (fo=41, routed)          0.557     1.785    u_top_vga/u_vga_timing/CLK
    SLICE_X8Y29          FDCE                                         r  u_top_vga/u_vga_timing/vcount_reg[6]/C
  -------------------------------------------------------------------    -------------------
    SLICE_X8Y29          FDCE (Prop_fdce_C_Q)         0.164     1.949 r  u_top_vga/u_vga_timing/vcount_reg[6]/Q
                         net (fo=16, routed)          0.199     2.148    u_top_vga/u_vga_timing/Q[5]
    SLICE_X8Y29          LUT4 (Prop_lut4_I2_O)        0.045     2.193 r  u_top_vga/u_vga_timing/vcount[6]_i_2/O
                         net (fo=3, routed)           0.000     2.193    u_top_vga/u_vga_timing/vcount[6]_i_1_n_0
    SLICE_X8Y29          FDCE                                         r  u_top_vga/u_vga_timing/vcount_reg[6]/D
  -------------------------------------------------------------------    -------------------

                         (clock clk_out rise edge)    0.000     0.000 r  
    W5                                                0.000     0.000 r  clk (IN)
                         net (fo=0)                   0.000     0.000    clk
    W5                   IBUF (Prop_ibuf_I_O)         0.414     0.414 r  clk_ibuf/O
                         net (fo=1, routed)           0.480     0.894    clk_in
    MMCME2_ADV_X1Y0      MMCME2_ADV (Prop_mmcme2_adv_CLKIN1_CLKOUT0)
                                                      0.053     0.947 r  clk_in_mmcme2/CLKOUT0
                         net (fo=2, routed)           0.530     1.477    clk_out
    BUFGCTRL_X0Y0        BUFGCTRL (Prop_bufgctrl_I0_O)
                                                      0.029     1.506 r  clk_out_bufgce/O
                         net (fo=41, routed)          0.825     2.330    u_top_vga/u_vga_timing/CLK
    SLICE_X8Y29          FDCE                                         r  u_top_vga/u_vga_timing/vcount_reg[6]/C
                         clock pessimism             -0.545     1.785    
    SLICE_X8Y29          FDCE (Hold_fdce_C_D)         0.120     1.905    u_top_vga/u_vga_timing/vcount_reg[6]
  -------------------------------------------------------------------
                         required time                         -1.905    
                         arrival time                           2.193    
  -------------------------------------------------------------------
                         slack                                  0.288    





Pulse Width Checks
--------------------------------------------------------------------------------------
Clock Name:         clk_out
Waveform(ns):       { 0.000 12.500 }
Period(ns):         25.000
Sources:            { clk_in_mmcme2/CLKOUT0 }

Check Type        Corner  Lib Pin             Reference Pin  Required(ns)  Actual(ns)  Slack(ns)  Location         Pin
Min Period        n/a     BUFGCTRL/I0         n/a            2.155         25.000      22.845     BUFGCTRL_X0Y0    clk_out_bufgce/I0
Min Period        n/a     BUFH/I              n/a            2.155         25.000      22.845     BUFHCE_X0Y0      clk_out_bufh/I
Min Period        n/a     ODDR/C              n/a            1.474         25.000      23.526     OLOGIC_X1Y93     pclk_oddr/C
Min Period        n/a     MMCME2_ADV/CLKOUT0  n/a            1.249         25.000      23.751     MMCME2_ADV_X1Y0  clk_in_mmcme2/CLKOUT0
Min Period        n/a     FDRE/C              n/a            1.000         25.000      24.000     SLICE_X35Y45     safe_start_reg[0]/C
Min Period        n/a     FDRE/C              n/a            1.000         25.000      24.000     SLICE_X35Y45     safe_start_reg[1]/C
Min Period        n/a     FDRE/C              n/a            1.000         25.000      24.000     SLICE_X35Y45     safe_start_reg[2]/C
Min Period        n/a     FDRE/C              n/a            1.000         25.000      24.000     SLICE_X35Y45     safe_start_reg[3]/C
Min Period        n/a     FDRE/C              n/a            1.000         25.000      24.000     SLICE_X35Y45     safe_start_reg[4]/C
Min Period        n/a     FDRE/C              n/a            1.000         25.000      24.000     SLICE_X35Y45     safe_start_reg[5]/C
Max Period        n/a     MMCME2_ADV/CLKOUT0  n/a            213.360       25.000      188.360    MMCME2_ADV_X1Y0  clk_in_mmcme2/CLKOUT0
Low Pulse Width   Slow    FDRE/C              n/a            0.500         12.500      12.000     SLICE_X35Y45     safe_start_reg[0]/C
Low Pulse Width   Fast    FDRE/C              n/a            0.500         12.500      12.000     SLICE_X35Y45     safe_start_reg[0]/C
Low Pulse Width   Slow    FDRE/C              n/a            0.500         12.500      12.000     SLICE_X35Y45     safe_start_reg[1]/C
Low Pulse Width   Fast    FDRE/C              n/a            0.500         12.500      12.000     SLICE_X35Y45     safe_start_reg[1]/C
Low Pulse Width   Slow    FDRE/C              n/a            0.500         12.500      12.000     SLICE_X35Y45     safe_start_reg[2]/C
Low Pulse Width   Fast    FDRE/C              n/a            0.500         12.500      12.000     SLICE_X35Y45     safe_start_reg[2]/C
Low Pulse Width   Slow    FDRE/C              n/a            0.500         12.500      12.000     SLICE_X35Y45     safe_start_reg[3]/C
Low Pulse Width   Fast    FDRE/C              n/a            0.500         12.500      12.000     SLICE_X35Y45     safe_start_reg[3]/C
Low Pulse Width   Slow    FDRE/C              n/a            0.500         12.500      12.000     SLICE_X35Y45     safe_start_reg[4]/C
Low Pulse Width   Fast    FDRE/C              n/a            0.500         12.500      12.000     SLICE_X35Y45     safe_start_reg[4]/C
High Pulse Width  Slow    FDRE/C              n/a            0.500         12.500      12.000     SLICE_X35Y45     safe_start_reg[0]/C
High Pulse Width  Fast    FDRE/C              n/a            0.500         12.500      12.000     SLICE_X35Y45     safe_start_reg[0]/C
High Pulse Width  Slow    FDRE/C              n/a            0.500         12.500      12.000     SLICE_X35Y45     safe_start_reg[1]/C
High Pulse Width  Fast    FDRE/C              n/a            0.500         12.500      12.000     SLICE_X35Y45     safe_start_reg[1]/C
High Pulse Width  Slow    FDRE/C              n/a            0.500         12.500      12.000     SLICE_X35Y45     safe_start_reg[2]/C
High Pulse Width  Fast    FDRE/C              n/a            0.500         12.500      12.000     SLICE_X35Y45     safe_start_reg[2]/C
High Pulse Width  Slow    FDRE/C              n/a            0.500         12.500      12.000     SLICE_X35Y45     safe_start_reg[3]/C
High Pulse Width  Fast    FDRE/C              n/a            0.500         12.500      12.000     SLICE_X35Y45     safe_start_reg[3]/C
High Pulse Width  Slow    FDRE/C              n/a            0.500         12.500      12.000     SLICE_X35Y45     safe_start_reg[4]/C
High Pulse Width  Fast    FDRE/C              n/a            0.500         12.500      12.000     SLICE_X35Y45     safe_start_reg[4]/C



--------------------------------------------------------------------------------------
Path Group:  (none)
From Clock:  clk_fb
  To Clock:  

Max Delay             1 Endpoint
Min Delay             1 Endpoint
--------------------------------------------------------------------------------------


Max Delay Paths
--------------------------------------------------------------------------------------
Slack:                    inf
  Source:                 clk_in_mmcme2/CLKFBOUT
                            (clock source 'clk_fb'  {rise@0.000ns fall@5.000ns period=10.000ns})
  Destination:            clk_in_mmcme2/CLKFBIN
  Path Group:             (none)
  Path Type:              Max at Slow Process Corner
  Data Path Delay:        0.014ns  (logic 0.000ns (0.000%)  route 0.014ns (99.997%))
  Logic Levels:           0  
  Clock Uncertainty:      0.147ns  ((TSJ^2 + DJ^2)^1/2) / 2 + PE
    Total System Jitter     (TSJ):    0.050ns
    Discrete Jitter          (DJ):    0.083ns
    Phase Error              (PE):    0.099ns

    Location             Delay type                Incr(ns)  Path(ns)    Netlist Resource(s)
  -------------------------------------------------------------------    -------------------
                         (clock clk_fb fall edge)     5.000     5.000 f  
    W5                                                0.000     5.000 f  clk (IN)
                         net (fo=0)                   0.000     5.000    clk
    W5                   IBUF (Prop_ibuf_I_O)         1.458     6.458 f  clk_ibuf/O
                         net (fo=1, routed)           1.233     7.691    clk_in
  -------------------------------------------------------------------    -------------------
    MMCME2_ADV_X1Y0      MMCME2_ADV (Prop_mmcme2_adv_CLKIN1_CLKFBOUT)
                                                      0.088     7.779 f  clk_in_mmcme2/CLKFBOUT
                         net (fo=1, routed)           0.014     7.793    clk_fb
    MMCME2_ADV_X1Y0      MMCME2_ADV                                   f  clk_in_mmcme2/CLKFBIN
  -------------------------------------------------------------------    -------------------





Min Delay Paths
--------------------------------------------------------------------------------------
Slack:                    inf
  Source:                 clk_in_mmcme2/CLKFBOUT
                            (clock source 'clk_fb'  {rise@0.000ns fall@5.000ns period=10.000ns})
  Destination:            clk_in_mmcme2/CLKFBIN
  Path Group:             (none)
  Path Type:              Min at Fast Process Corner
  Data Path Delay:        0.005ns  (logic 0.000ns (0.000%)  route 0.005ns (100.000%))
  Logic Levels:           0  
  Clock Uncertainty:      0.147ns  ((TSJ^2 + DJ^2)^1/2) / 2 + PE
    Total System Jitter     (TSJ):    0.050ns
    Discrete Jitter          (DJ):    0.083ns
    Phase Error              (PE):    0.099ns

    Location             Delay type                Incr(ns)  Path(ns)    Netlist Resource(s)
  -------------------------------------------------------------------    -------------------
                         (clock clk_fb rise edge)     0.000     0.000 r  
    W5                                                0.000     0.000 r  clk (IN)
                         net (fo=0)                   0.000     0.000    clk
    W5                   IBUF (Prop_ibuf_I_O)         0.226     0.226 r  clk_ibuf/O
                         net (fo=1, routed)           0.440     0.667    clk_in
  -------------------------------------------------------------------    -------------------
    MMCME2_ADV_X1Y0      MMCME2_ADV (Prop_mmcme2_adv_CLKIN1_CLKFBOUT)
                                                      0.050     0.717 r  clk_in_mmcme2/CLKFBOUT
                         net (fo=1, routed)           0.005     0.722    clk_fb
    MMCME2_ADV_X1Y0      MMCME2_ADV                                   r  clk_in_mmcme2/CLKFBIN
  -------------------------------------------------------------------    -------------------





--------------------------------------------------------------------------------------
Path Group:  (none)
From Clock:  clk_out
  To Clock:  

Max Delay            15 Endpoints
Min Delay            15 Endpoints
--------------------------------------------------------------------------------------


Max Delay Paths
--------------------------------------------------------------------------------------
Slack:                    inf
  Source:                 pclk_oddr/C
                            (falling edge-triggered cell ODDR clocked by clk_out  {rise@0.000ns fall@12.500ns period=25.000ns})
  Destination:            JA1
                            (output port)
  Path Group:             (none)
  Path Type:              Max at Slow Process Corner
  Data Path Delay:        3.978ns  (logic 3.977ns (99.975%)  route 0.001ns (0.025%))
  Logic Levels:           1  (OBUF=1)
  Clock Uncertainty:      0.179ns  ((TSJ^2 + DJ^2)^1/2) / 2 + PE
    Total System Jitter     (TSJ):    0.050ns
    Discrete Jitter          (DJ):    0.154ns
    Phase Error              (PE):    0.099ns

    Location             Delay type                Incr(ns)  Path(ns)    Netlist Resource(s)
  -------------------------------------------------------------------    -------------------
                         (clock clk_out fall edge)   12.500    12.500 f  
    W5                                                0.000    12.500 f  clk (IN)
                         net (fo=0)                   0.000    12.500    clk
    W5                   IBUF (Prop_ibuf_I_O)         1.458    13.958 f  clk_ibuf/O
                         net (fo=1, routed)           1.233    15.191    clk_in
    MMCME2_ADV_X1Y0      MMCME2_ADV (Prop_mmcme2_adv_CLKIN1_CLKOUT0)
                                                      0.088    15.279 f  clk_in_mmcme2/CLKOUT0
                         net (fo=2, routed)           1.661    16.941    clk_out
    BUFGCTRL_X0Y0        BUFGCTRL (Prop_bufgctrl_I0_O)
                                                      0.096    17.037 f  clk_out_bufgce/O
                         net (fo=41, routed)          1.666    18.703    pclk
    OLOGIC_X1Y93         ODDR                                         f  pclk_oddr/C
  -------------------------------------------------------------------    -------------------
    OLOGIC_X1Y93         ODDR (Prop_oddr_C_Q)         0.472    19.175 r  pclk_oddr/Q
                         net (fo=1, routed)           0.001    19.176    JA1_OBUF
    J1                   OBUF (Prop_obuf_I_O)         3.505    22.681 r  JA1_OBUF_inst/O
                         net (fo=0)                   0.000    22.681    JA1
    J1                                                                r  JA1 (OUT)
  -------------------------------------------------------------------    -------------------

Slack:                    inf
  Source:                 u_top_vga/u_draw_bg/rgb_out_reg[10]_lopt_replica/C
                            (rising edge-triggered cell FDRE clocked by clk_out  {rise@0.000ns fall@12.500ns period=25.000ns})
  Destination:            vgaRed[0]
                            (output port)
  Path Group:             (none)
  Path Type:              Max at Slow Process Corner
  Data Path Delay:        6.181ns  (logic 4.173ns (67.512%)  route 2.008ns (32.488%))
  Logic Levels:           1  (OBUF=1)
  Clock Uncertainty:      0.179ns  ((TSJ^2 + DJ^2)^1/2) / 2 + PE
    Total System Jitter     (TSJ):    0.050ns
    Discrete Jitter          (DJ):    0.154ns
    Phase Error              (PE):    0.099ns

    Location             Delay type                Incr(ns)  Path(ns)    Netlist Resource(s)
  -------------------------------------------------------------------    -------------------
                         (clock clk_out rise edge)    0.000     0.000 r  
    W5                                                0.000     0.000 r  clk (IN)
                         net (fo=0)                   0.000     0.000    clk
    W5                   IBUF (Prop_ibuf_I_O)         1.458     1.458 r  clk_ibuf/O
                         net (fo=1, routed)           1.233     2.691    clk_in
    MMCME2_ADV_X1Y0      MMCME2_ADV (Prop_mmcme2_adv_CLKIN1_CLKOUT0)
                                                      0.088     2.779 r  clk_in_mmcme2/CLKOUT0
                         net (fo=2, routed)           1.661     4.441    clk_out
    BUFGCTRL_X0Y0        BUFGCTRL (Prop_bufgctrl_I0_O)
                                                      0.096     4.537 r  clk_out_bufgce/O
                         net (fo=41, routed)          1.630     6.167    u_top_vga/u_draw_bg/CLK
    SLICE_X2Y33          FDRE                                         r  u_top_vga/u_draw_bg/rgb_out_reg[10]_lopt_replica/C
  -------------------------------------------------------------------    -------------------
    SLICE_X2Y33          FDRE (Prop_fdre_C_Q)         0.478     6.645 r  u_top_vga/u_draw_bg/rgb_out_reg[10]_lopt_replica/Q
                         net (fo=1, routed)           2.008     8.653    lopt_6
    G19                  OBUF (Prop_obuf_I_O)         3.695    12.348 r  vgaRed_OBUF[0]_inst/O
                         net (fo=0)                   0.000    12.348    vgaRed[0]
    G19                                                               r  vgaRed[0] (OUT)
  -------------------------------------------------------------------    -------------------

Slack:                    inf
  Source:                 u_top_vga/u_draw_bg/rgb_out_reg[7]/C
                            (rising edge-triggered cell FDRE clocked by clk_out  {rise@0.000ns fall@12.500ns period=25.000ns})
  Destination:            vgaGreen[3]
                            (output port)
  Path Group:             (none)
  Path Type:              Max at Slow Process Corner
  Data Path Delay:        6.145ns  (logic 4.048ns (65.883%)  route 2.097ns (34.117%))
  Logic Levels:           1  (OBUF=1)
  Clock Uncertainty:      0.179ns  ((TSJ^2 + DJ^2)^1/2) / 2 + PE
    Total System Jitter     (TSJ):    0.050ns
    Discrete Jitter          (DJ):    0.154ns
    Phase Error              (PE):    0.099ns

    Location             Delay type                Incr(ns)  Path(ns)    Netlist Resource(s)
  -------------------------------------------------------------------    -------------------
                         (clock clk_out rise edge)    0.000     0.000 r  
    W5                                                0.000     0.000 r  clk (IN)
                         net (fo=0)                   0.000     0.000    clk
    W5                   IBUF (Prop_ibuf_I_O)         1.458     1.458 r  clk_ibuf/O
                         net (fo=1, routed)           1.233     2.691    clk_in
    MMCME2_ADV_X1Y0      MMCME2_ADV (Prop_mmcme2_adv_CLKIN1_CLKOUT0)
                                                      0.088     2.779 r  clk_in_mmcme2/CLKOUT0
                         net (fo=2, routed)           1.661     4.441    clk_out
    BUFGCTRL_X0Y0        BUFGCTRL (Prop_bufgctrl_I0_O)
                                                      0.096     4.537 r  clk_out_bufgce/O
                         net (fo=41, routed)          1.630     6.167    u_top_vga/u_draw_bg/CLK
    SLICE_X2Y33          FDRE                                         r  u_top_vga/u_draw_bg/rgb_out_reg[7]/C
  -------------------------------------------------------------------    -------------------
    SLICE_X2Y33          FDRE (Prop_fdre_C_Q)         0.518     6.685 r  u_top_vga/u_draw_bg/rgb_out_reg[7]/Q
                         net (fo=1, routed)           2.097     8.782    vgaGreen_OBUF[3]
    D17                  OBUF (Prop_obuf_I_O)         3.530    12.312 r  vgaGreen_OBUF[3]_inst/O
                         net (fo=0)                   0.000    12.312    vgaGreen[3]
    D17                                                               r  vgaGreen[3] (OUT)
  -------------------------------------------------------------------    -------------------

Slack:                    inf
  Source:                 u_top_vga/u_draw_bg/rgb_out_reg[10]_lopt_replica_2/C
                            (rising edge-triggered cell FDRE clocked by clk_out  {rise@0.000ns fall@12.500ns period=25.000ns})
  Destination:            vgaRed[1]
                            (output port)
  Path Group:             (none)
  Path Type:              Max at Slow Process Corner
  Data Path Delay:        5.949ns  (logic 4.037ns (67.866%)  route 1.912ns (32.134%))
  Logic Levels:           1  (OBUF=1)
  Clock Uncertainty:      0.179ns  ((TSJ^2 + DJ^2)^1/2) / 2 + PE
    Total System Jitter     (TSJ):    0.050ns
    Discrete Jitter          (DJ):    0.154ns
    Phase Error              (PE):    0.099ns

    Location             Delay type                Incr(ns)  Path(ns)    Netlist Resource(s)
  -------------------------------------------------------------------    -------------------
                         (clock clk_out rise edge)    0.000     0.000 r  
    W5                                                0.000     0.000 r  clk (IN)
                         net (fo=0)                   0.000     0.000    clk
    W5                   IBUF (Prop_ibuf_I_O)         1.458     1.458 r  clk_ibuf/O
                         net (fo=1, routed)           1.233     2.691    clk_in
    MMCME2_ADV_X1Y0      MMCME2_ADV (Prop_mmcme2_adv_CLKIN1_CLKOUT0)
                                                      0.088     2.779 r  clk_in_mmcme2/CLKOUT0
                         net (fo=2, routed)           1.661     4.441    clk_out
    BUFGCTRL_X0Y0        BUFGCTRL (Prop_bufgctrl_I0_O)
                                                      0.096     4.537 r  clk_out_bufgce/O
                         net (fo=41, routed)          1.630     6.167    u_top_vga/u_draw_bg/CLK
    SLICE_X2Y33          FDRE                                         r  u_top_vga/u_draw_bg/rgb_out_reg[10]_lopt_replica_2/C
  -------------------------------------------------------------------    -------------------
    SLICE_X2Y33          FDRE (Prop_fdre_C_Q)         0.518     6.685 r  u_top_vga/u_draw_bg/rgb_out_reg[10]_lopt_replica_2/Q
                         net (fo=1, routed)           1.912     8.597    lopt_7
    H19                  OBUF (Prop_obuf_I_O)         3.519    12.116 r  vgaRed_OBUF[1]_inst/O
                         net (fo=0)                   0.000    12.116    vgaRed[1]
    H19                                                               r  vgaRed[1] (OUT)
  -------------------------------------------------------------------    -------------------

Slack:                    inf
  Source:                 u_top_vga/u_draw_bg/rgb_out_reg[6]_lopt_replica_2/C
                            (rising edge-triggered cell FDRE clocked by clk_out  {rise@0.000ns fall@12.500ns period=25.000ns})
  Destination:            vgaGreen[1]
                            (output port)
  Path Group:             (none)
  Path Type:              Max at Slow Process Corner
  Data Path Delay:        5.883ns  (logic 4.023ns (68.393%)  route 1.859ns (31.607%))
  Logic Levels:           1  (OBUF=1)
  Clock Uncertainty:      0.179ns  ((TSJ^2 + DJ^2)^1/2) / 2 + PE
    Total System Jitter     (TSJ):    0.050ns
    Discrete Jitter          (DJ):    0.154ns
    Phase Error              (PE):    0.099ns

    Location             Delay type                Incr(ns)  Path(ns)    Netlist Resource(s)
  -------------------------------------------------------------------    -------------------
                         (clock clk_out rise edge)    0.000     0.000 r  
    W5                                                0.000     0.000 r  clk (IN)
                         net (fo=0)                   0.000     0.000    clk
    W5                   IBUF (Prop_ibuf_I_O)         1.458     1.458 r  clk_ibuf/O
                         net (fo=1, routed)           1.233     2.691    clk_in
    MMCME2_ADV_X1Y0      MMCME2_ADV (Prop_mmcme2_adv_CLKIN1_CLKOUT0)
                                                      0.088     2.779 r  clk_in_mmcme2/CLKOUT0
                         net (fo=2, routed)           1.661     4.441    clk_out
    BUFGCTRL_X0Y0        BUFGCTRL (Prop_bufgctrl_I0_O)
                                                      0.096     4.537 r  clk_out_bufgce/O
                         net (fo=41, routed)          1.633     6.170    u_top_vga/u_draw_bg/CLK
    SLICE_X2Y35          FDRE                                         r  u_top_vga/u_draw_bg/rgb_out_reg[6]_lopt_replica_2/C
  -------------------------------------------------------------------    -------------------
    SLICE_X2Y35          FDRE (Prop_fdre_C_Q)         0.518     6.688 r  u_top_vga/u_draw_bg/rgb_out_reg[6]_lopt_replica_2/Q
                         net (fo=1, routed)           1.859     8.548    lopt_4
    H17                  OBUF (Prop_obuf_I_O)         3.505    12.053 r  vgaGreen_OBUF[1]_inst/O
                         net (fo=0)                   0.000    12.053    vgaGreen[1]
    H17                                                               r  vgaGreen[1] (OUT)
  -------------------------------------------------------------------    -------------------

Slack:                    inf
  Source:                 u_top_vga/u_draw_bg/rgb_out_reg[11]/C
                            (rising edge-triggered cell FDRE clocked by clk_out  {rise@0.000ns fall@12.500ns period=25.000ns})
  Destination:            vgaRed[3]
                            (output port)
  Path Group:             (none)
  Path Type:              Max at Slow Process Corner
  Data Path Delay:        5.854ns  (logic 4.020ns (68.680%)  route 1.833ns (31.320%))
  Logic Levels:           1  (OBUF=1)
  Clock Uncertainty:      0.179ns  ((TSJ^2 + DJ^2)^1/2) / 2 + PE
    Total System Jitter     (TSJ):    0.050ns
    Discrete Jitter          (DJ):    0.154ns
    Phase Error              (PE):    0.099ns

    Location             Delay type                Incr(ns)  Path(ns)    Netlist Resource(s)
  -------------------------------------------------------------------    -------------------
                         (clock clk_out rise edge)    0.000     0.000 r  
    W5                                                0.000     0.000 r  clk (IN)
                         net (fo=0)                   0.000     0.000    clk
    W5                   IBUF (Prop_ibuf_I_O)         1.458     1.458 r  clk_ibuf/O
                         net (fo=1, routed)           1.233     2.691    clk_in
    MMCME2_ADV_X1Y0      MMCME2_ADV (Prop_mmcme2_adv_CLKIN1_CLKOUT0)
                                                      0.088     2.779 r  clk_in_mmcme2/CLKOUT0
                         net (fo=2, routed)           1.661     4.441    clk_out
    BUFGCTRL_X0Y0        BUFGCTRL (Prop_bufgctrl_I0_O)
                                                      0.096     4.537 r  clk_out_bufgce/O
                         net (fo=41, routed)          1.630     6.167    u_top_vga/u_draw_bg/CLK
    SLICE_X2Y33          FDRE                                         r  u_top_vga/u_draw_bg/rgb_out_reg[11]/C
  -------------------------------------------------------------------    -------------------
    SLICE_X2Y33          FDRE (Prop_fdre_C_Q)         0.518     6.685 r  u_top_vga/u_draw_bg/rgb_out_reg[11]/Q
                         net (fo=1, routed)           1.833     8.519    vgaRed_OBUF[3]
    N19                  OBUF (Prop_obuf_I_O)         3.502    12.021 r  vgaRed_OBUF[3]_inst/O
                         net (fo=0)                   0.000    12.021    vgaRed[3]
    N19                                                               r  vgaRed[3] (OUT)
  -------------------------------------------------------------------    -------------------

Slack:                    inf
  Source:                 u_top_vga/u_draw_bg/rgb_out_reg[3]/C
                            (rising edge-triggered cell FDRE clocked by clk_out  {rise@0.000ns fall@12.500ns period=25.000ns})
  Destination:            vgaBlue[3]
                            (output port)
  Path Group:             (none)
  Path Type:              Max at Slow Process Corner
  Data Path Delay:        5.790ns  (logic 3.981ns (68.748%)  route 1.810ns (31.252%))
  Logic Levels:           1  (OBUF=1)
  Clock Uncertainty:      0.179ns  ((TSJ^2 + DJ^2)^1/2) / 2 + PE
    Total System Jitter     (TSJ):    0.050ns
    Discrete Jitter          (DJ):    0.154ns
    Phase Error              (PE):    0.099ns

    Location             Delay type                Incr(ns)  Path(ns)    Netlist Resource(s)
  -------------------------------------------------------------------    -------------------
                         (clock clk_out rise edge)    0.000     0.000 r  
    W5                                                0.000     0.000 r  clk (IN)
                         net (fo=0)                   0.000     0.000    clk
    W5                   IBUF (Prop_ibuf_I_O)         1.458     1.458 r  clk_ibuf/O
                         net (fo=1, routed)           1.233     2.691    clk_in
    MMCME2_ADV_X1Y0      MMCME2_ADV (Prop_mmcme2_adv_CLKIN1_CLKOUT0)
                                                      0.088     2.779 r  clk_in_mmcme2/CLKOUT0
                         net (fo=2, routed)           1.661     4.441    clk_out
    BUFGCTRL_X0Y0        BUFGCTRL (Prop_bufgctrl_I0_O)
                                                      0.096     4.537 r  clk_out_bufgce/O
                         net (fo=41, routed)          1.630     6.167    u_top_vga/u_draw_bg/CLK
    SLICE_X1Y33          FDRE                                         r  u_top_vga/u_draw_bg/rgb_out_reg[3]/C
  -------------------------------------------------------------------    -------------------
    SLICE_X1Y33          FDRE (Prop_fdre_C_Q)         0.456     6.623 r  u_top_vga/u_draw_bg/rgb_out_reg[3]/Q
                         net (fo=1, routed)           1.810     8.433    vgaBlue_OBUF[3]
    J18                  OBUF (Prop_obuf_I_O)         3.525    11.958 r  vgaBlue_OBUF[3]_inst/O
                         net (fo=0)                   0.000    11.958    vgaBlue[3]
    J18                                                               r  vgaBlue[3] (OUT)
  -------------------------------------------------------------------    -------------------

Slack:                    inf
  Source:                 u_top_vga/u_draw_bg/vsync_out_reg/C
                            (rising edge-triggered cell FDRE clocked by clk_out  {rise@0.000ns fall@12.500ns period=25.000ns})
  Destination:            Vsync
                            (output port)
  Path Group:             (none)
  Path Type:              Max at Slow Process Corner
  Data Path Delay:        5.798ns  (logic 3.959ns (68.284%)  route 1.839ns (31.716%))
  Logic Levels:           1  (OBUF=1)
  Clock Uncertainty:      0.179ns  ((TSJ^2 + DJ^2)^1/2) / 2 + PE
    Total System Jitter     (TSJ):    0.050ns
    Discrete Jitter          (DJ):    0.154ns
    Phase Error              (PE):    0.099ns

    Location             Delay type                Incr(ns)  Path(ns)    Netlist Resource(s)
  -------------------------------------------------------------------    -------------------
                         (clock clk_out rise edge)    0.000     0.000 r  
    W5                                                0.000     0.000 r  clk (IN)
                         net (fo=0)                   0.000     0.000    clk
    W5                   IBUF (Prop_ibuf_I_O)         1.458     1.458 r  clk_ibuf/O
                         net (fo=1, routed)           1.233     2.691    clk_in
    MMCME2_ADV_X1Y0      MMCME2_ADV (Prop_mmcme2_adv_CLKIN1_CLKOUT0)
                                                      0.088     2.779 r  clk_in_mmcme2/CLKOUT0
                         net (fo=2, routed)           1.661     4.441    clk_out
    BUFGCTRL_X0Y0        BUFGCTRL (Prop_bufgctrl_I0_O)
                                                      0.096     4.537 r  clk_out_bufgce/O
                         net (fo=41, routed)          1.621     6.158    u_top_vga/u_draw_bg/CLK
    SLICE_X5Y28          FDRE                                         r  u_top_vga/u_draw_bg/vsync_out_reg/C
  -------------------------------------------------------------------    -------------------
    SLICE_X5Y28          FDRE (Prop_fdre_C_Q)         0.456     6.614 r  u_top_vga/u_draw_bg/vsync_out_reg/Q
                         net (fo=1, routed)           1.839     8.453    Vsync_OBUF
    R19                  OBUF (Prop_obuf_I_O)         3.503    11.957 r  Vsync_OBUF_inst/O
                         net (fo=0)                   0.000    11.957    Vsync
    R19                                                               r  Vsync (OUT)
  -------------------------------------------------------------------    -------------------

Slack:                    inf
  Source:                 u_top_vga/u_draw_bg/rgb_out_reg[6]/C
                            (rising edge-triggered cell FDRE clocked by clk_out  {rise@0.000ns fall@12.500ns period=25.000ns})
  Destination:            vgaGreen[2]
                            (output port)
  Path Group:             (none)
  Path Type:              Max at Slow Process Corner
  Data Path Delay:        5.752ns  (logic 4.047ns (70.363%)  route 1.705ns (29.637%))
  Logic Levels:           1  (OBUF=1)
  Clock Uncertainty:      0.179ns  ((TSJ^2 + DJ^2)^1/2) / 2 + PE
    Total System Jitter     (TSJ):    0.050ns
    Discrete Jitter          (DJ):    0.154ns
    Phase Error              (PE):    0.099ns

    Location             Delay type                Incr(ns)  Path(ns)    Netlist Resource(s)
  -------------------------------------------------------------------    -------------------
                         (clock clk_out rise edge)    0.000     0.000 r  
    W5                                                0.000     0.000 r  clk (IN)
                         net (fo=0)                   0.000     0.000    clk
    W5                   IBUF (Prop_ibuf_I_O)         1.458     1.458 r  clk_ibuf/O
                         net (fo=1, routed)           1.233     2.691    clk_in
    MMCME2_ADV_X1Y0      MMCME2_ADV (Prop_mmcme2_adv_CLKIN1_CLKOUT0)
                                                      0.088     2.779 r  clk_in_mmcme2/CLKOUT0
                         net (fo=2, routed)           1.661     4.441    clk_out
    BUFGCTRL_X0Y0        BUFGCTRL (Prop_bufgctrl_I0_O)
                                                      0.096     4.537 r  clk_out_bufgce/O
                         net (fo=41, routed)          1.633     6.170    u_top_vga/u_draw_bg/CLK
    SLICE_X2Y35          FDRE                                         r  u_top_vga/u_draw_bg/rgb_out_reg[6]/C
  -------------------------------------------------------------------    -------------------
    SLICE_X2Y35          FDRE (Prop_fdre_C_Q)         0.518     6.688 r  u_top_vga/u_draw_bg/rgb_out_reg[6]/Q
                         net (fo=1, routed)           1.705     8.393    vgaGreen_OBUF[0]
    G17                  OBUF (Prop_obuf_I_O)         3.529    11.922 r  vgaGreen_OBUF[2]_inst/O
                         net (fo=0)                   0.000    11.922    vgaGreen[2]
    G17                                                               r  vgaGreen[2] (OUT)
  -------------------------------------------------------------------    -------------------

Slack:                    inf
  Source:                 u_top_vga/u_draw_bg/rgb_out_reg[6]_lopt_replica/C
                            (rising edge-triggered cell FDRE clocked by clk_out  {rise@0.000ns fall@12.500ns period=25.000ns})
  Destination:            vgaGreen[0]
                            (output port)
  Path Group:             (none)
  Path Type:              Max at Slow Process Corner
  Data Path Delay:        5.716ns  (logic 4.039ns (70.665%)  route 1.677ns (29.335%))
  Logic Levels:           1  (OBUF=1)
  Clock Uncertainty:      0.179ns  ((TSJ^2 + DJ^2)^1/2) / 2 + PE
    Total System Jitter     (TSJ):    0.050ns
    Discrete Jitter          (DJ):    0.154ns
    Phase Error              (PE):    0.099ns

    Location             Delay type                Incr(ns)  Path(ns)    Netlist Resource(s)
  -------------------------------------------------------------------    -------------------
                         (clock clk_out rise edge)    0.000     0.000 r  
    W5                                                0.000     0.000 r  clk (IN)
                         net (fo=0)                   0.000     0.000    clk
    W5                   IBUF (Prop_ibuf_I_O)         1.458     1.458 r  clk_ibuf/O
                         net (fo=1, routed)           1.233     2.691    clk_in
    MMCME2_ADV_X1Y0      MMCME2_ADV (Prop_mmcme2_adv_CLKIN1_CLKOUT0)
                                                      0.088     2.779 r  clk_in_mmcme2/CLKOUT0
                         net (fo=2, routed)           1.661     4.441    clk_out
    BUFGCTRL_X0Y0        BUFGCTRL (Prop_bufgctrl_I0_O)
                                                      0.096     4.537 r  clk_out_bufgce/O
                         net (fo=41, routed)          1.633     6.170    u_top_vga/u_draw_bg/CLK
    SLICE_X2Y35          FDRE                                         r  u_top_vga/u_draw_bg/rgb_out_reg[6]_lopt_replica/C
  -------------------------------------------------------------------    -------------------
    SLICE_X2Y35          FDRE (Prop_fdre_C_Q)         0.518     6.688 r  u_top_vga/u_draw_bg/rgb_out_reg[6]_lopt_replica/Q
                         net (fo=1, routed)           1.677     8.365    lopt_3
    J17                  OBUF (Prop_obuf_I_O)         3.521    11.886 r  vgaGreen_OBUF[0]_inst/O
                         net (fo=0)                   0.000    11.886    vgaGreen[0]
    J17                                                               r  vgaGreen[0] (OUT)
  -------------------------------------------------------------------    -------------------





Min Delay Paths
--------------------------------------------------------------------------------------
Slack:                    inf
  Source:                 pclk_oddr/C
                            (rising edge-triggered cell ODDR clocked by clk_out  {rise@0.000ns fall@12.500ns period=25.000ns})
  Destination:            JA1
                            (output port)
  Path Group:             (none)
  Path Type:              Min at Fast Process Corner
  Data Path Delay:        1.384ns  (logic 1.383ns (99.928%)  route 0.001ns (0.072%))
  Logic Levels:           1  (OBUF=1)
  Clock Uncertainty:      0.179ns  ((TSJ^2 + DJ^2)^1/2) / 2 + PE
    Total System Jitter     (TSJ):    0.050ns
    Discrete Jitter          (DJ):    0.154ns
    Phase Error              (PE):    0.099ns

    Location             Delay type                Incr(ns)  Path(ns)    Netlist Resource(s)
  -------------------------------------------------------------------    -------------------
                         (clock clk_out rise edge)    0.000     0.000 r  
    W5                                                0.000     0.000 r  clk (IN)
                         net (fo=0)                   0.000     0.000    clk
    W5                   IBUF (Prop_ibuf_I_O)         0.226     0.226 r  clk_ibuf/O
                         net (fo=1, routed)           0.440     0.667    clk_in
    MMCME2_ADV_X1Y0      MMCME2_ADV (Prop_mmcme2_adv_CLKIN1_CLKOUT0)
                                                      0.050     0.717 r  clk_in_mmcme2/CLKOUT0
                         net (fo=2, routed)           0.486     1.203    clk_out
    BUFGCTRL_X0Y0        BUFGCTRL (Prop_bufgctrl_I0_O)
                                                      0.026     1.229 r  clk_out_bufgce/O
                         net (fo=41, routed)          0.585     1.813    pclk
    OLOGIC_X1Y93         ODDR                                         r  pclk_oddr/C
  -------------------------------------------------------------------    -------------------
    OLOGIC_X1Y93         ODDR (Prop_oddr_C_Q)         0.177     1.990 r  pclk_oddr/Q
                         net (fo=1, routed)           0.001     1.991    JA1_OBUF
    J1                   OBUF (Prop_obuf_I_O)         1.206     3.197 r  JA1_OBUF_inst/O
                         net (fo=0)                   0.000     3.197    JA1
    J1                                                                r  JA1 (OUT)
  -------------------------------------------------------------------    -------------------

Slack:                    inf
  Source:                 u_top_vga/u_draw_bg/rgb_out_reg[2]/C
                            (rising edge-triggered cell FDRE clocked by clk_out  {rise@0.000ns fall@12.500ns period=25.000ns})
  Destination:            vgaBlue[2]
                            (output port)
  Path Group:             (none)
  Path Type:              Min at Fast Process Corner
  Data Path Delay:        1.643ns  (logic 1.361ns (82.807%)  route 0.283ns (17.193%))
  Logic Levels:           1  (OBUF=1)
  Clock Uncertainty:      0.179ns  ((TSJ^2 + DJ^2)^1/2) / 2 + PE
    Total System Jitter     (TSJ):    0.050ns
    Discrete Jitter          (DJ):    0.154ns
    Phase Error              (PE):    0.099ns

    Location             Delay type                Incr(ns)  Path(ns)    Netlist Resource(s)
  -------------------------------------------------------------------    -------------------
                         (clock clk_out rise edge)    0.000     0.000 r  
    W5                                                0.000     0.000 r  clk (IN)
                         net (fo=0)                   0.000     0.000    clk
    W5                   IBUF (Prop_ibuf_I_O)         0.226     0.226 r  clk_ibuf/O
                         net (fo=1, routed)           0.440     0.667    clk_in
    MMCME2_ADV_X1Y0      MMCME2_ADV (Prop_mmcme2_adv_CLKIN1_CLKOUT0)
                                                      0.050     0.717 r  clk_in_mmcme2/CLKOUT0
                         net (fo=2, routed)           0.486     1.203    clk_out
    BUFGCTRL_X0Y0        BUFGCTRL (Prop_bufgctrl_I0_O)
                                                      0.026     1.229 r  clk_out_bufgce/O
                         net (fo=41, routed)          0.590     1.818    u_top_vga/u_draw_bg/CLK
    SLICE_X1Y33          FDRE                                         r  u_top_vga/u_draw_bg/rgb_out_reg[2]/C
  -------------------------------------------------------------------    -------------------
    SLICE_X1Y33          FDRE (Prop_fdre_C_Q)         0.141     1.959 r  u_top_vga/u_draw_bg/rgb_out_reg[2]/Q
                         net (fo=1, routed)           0.283     2.242    vgaBlue_OBUF[0]
    K18                  OBUF (Prop_obuf_I_O)         1.220     3.461 r  vgaBlue_OBUF[2]_inst/O
                         net (fo=0)                   0.000     3.461    vgaBlue[2]
    K18                                                               r  vgaBlue[2] (OUT)
  -------------------------------------------------------------------    -------------------

Slack:                    inf
  Source:                 u_top_vga/u_draw_bg/rgb_out_reg[2]_lopt_replica/C
                            (rising edge-triggered cell FDRE clocked by clk_out  {rise@0.000ns fall@12.500ns period=25.000ns})
  Destination:            vgaBlue[0]
                            (output port)
  Path Group:             (none)
  Path Type:              Min at Fast Process Corner
  Data Path Delay:        1.657ns  (logic 1.338ns (80.723%)  route 0.319ns (19.277%))
  Logic Levels:           1  (OBUF=1)
  Clock Uncertainty:      0.179ns  ((TSJ^2 + DJ^2)^1/2) / 2 + PE
    Total System Jitter     (TSJ):    0.050ns
    Discrete Jitter          (DJ):    0.154ns
    Phase Error              (PE):    0.099ns

    Location             Delay type                Incr(ns)  Path(ns)    Netlist Resource(s)
  -------------------------------------------------------------------    -------------------
                         (clock clk_out rise edge)    0.000     0.000 r  
    W5                                                0.000     0.000 r  clk (IN)
                         net (fo=0)                   0.000     0.000    clk
    W5                   IBUF (Prop_ibuf_I_O)         0.226     0.226 r  clk_ibuf/O
                         net (fo=1, routed)           0.440     0.667    clk_in
    MMCME2_ADV_X1Y0      MMCME2_ADV (Prop_mmcme2_adv_CLKIN1_CLKOUT0)
                                                      0.050     0.717 r  clk_in_mmcme2/CLKOUT0
                         net (fo=2, routed)           0.486     1.203    clk_out
    BUFGCTRL_X0Y0        BUFGCTRL (Prop_bufgctrl_I0_O)
                                                      0.026     1.229 r  clk_out_bufgce/O
                         net (fo=41, routed)          0.588     1.816    u_top_vga/u_draw_bg/CLK
    SLICE_X1Y31          FDRE                                         r  u_top_vga/u_draw_bg/rgb_out_reg[2]_lopt_replica/C
  -------------------------------------------------------------------    -------------------
    SLICE_X1Y31          FDRE (Prop_fdre_C_Q)         0.141     1.957 r  u_top_vga/u_draw_bg/rgb_out_reg[2]_lopt_replica/Q
                         net (fo=1, routed)           0.319     2.277    lopt
    N18                  OBUF (Prop_obuf_I_O)         1.197     3.473 r  vgaBlue_OBUF[0]_inst/O
                         net (fo=0)                   0.000     3.473    vgaBlue[0]
    N18                                                               r  vgaBlue[0] (OUT)
  -------------------------------------------------------------------    -------------------

Slack:                    inf
  Source:                 u_top_vga/u_draw_bg/rgb_out_reg[2]_lopt_replica_2/C
                            (rising edge-triggered cell FDRE clocked by clk_out  {rise@0.000ns fall@12.500ns period=25.000ns})
  Destination:            vgaBlue[1]
                            (output port)
  Path Group:             (none)
  Path Type:              Min at Fast Process Corner
  Data Path Delay:        1.671ns  (logic 1.346ns (80.545%)  route 0.325ns (19.455%))
  Logic Levels:           1  (OBUF=1)
  Clock Uncertainty:      0.179ns  ((TSJ^2 + DJ^2)^1/2) / 2 + PE
    Total System Jitter     (TSJ):    0.050ns
    Discrete Jitter          (DJ):    0.154ns
    Phase Error              (PE):    0.099ns

    Location             Delay type                Incr(ns)  Path(ns)    Netlist Resource(s)
  -------------------------------------------------------------------    -------------------
                         (clock clk_out rise edge)    0.000     0.000 r  
    W5                                                0.000     0.000 r  clk (IN)
                         net (fo=0)                   0.000     0.000    clk
    W5                   IBUF (Prop_ibuf_I_O)         0.226     0.226 r  clk_ibuf/O
                         net (fo=1, routed)           0.440     0.667    clk_in
    MMCME2_ADV_X1Y0      MMCME2_ADV (Prop_mmcme2_adv_CLKIN1_CLKOUT0)
                                                      0.050     0.717 r  clk_in_mmcme2/CLKOUT0
                         net (fo=2, routed)           0.486     1.203    clk_out
    BUFGCTRL_X0Y0        BUFGCTRL (Prop_bufgctrl_I0_O)
                                                      0.026     1.229 r  clk_out_bufgce/O
                         net (fo=41, routed)          0.590     1.818    u_top_vga/u_draw_bg/CLK
    SLICE_X1Y33          FDRE                                         r  u_top_vga/u_draw_bg/rgb_out_reg[2]_lopt_replica_2/C
  -------------------------------------------------------------------    -------------------
    SLICE_X1Y33          FDRE (Prop_fdre_C_Q)         0.141     1.959 r  u_top_vga/u_draw_bg/rgb_out_reg[2]_lopt_replica_2/Q
                         net (fo=1, routed)           0.325     2.284    lopt_1
    L18                  OBUF (Prop_obuf_I_O)         1.205     3.489 r  vgaBlue_OBUF[1]_inst/O
                         net (fo=0)                   0.000     3.489    vgaBlue[1]
    L18                                                               r  vgaBlue[1] (OUT)
  -------------------------------------------------------------------    -------------------

Slack:                    inf
  Source:                 u_top_vga/u_draw_bg/hsync_out_reg/C
                            (rising edge-triggered cell FDRE clocked by clk_out  {rise@0.000ns fall@12.500ns period=25.000ns})
  Destination:            Hsync
                            (output port)
  Path Group:             (none)
  Path Type:              Min at Fast Process Corner
  Data Path Delay:        1.687ns  (logic 1.339ns (79.358%)  route 0.348ns (20.642%))
  Logic Levels:           1  (OBUF=1)
  Clock Uncertainty:      0.179ns  ((TSJ^2 + DJ^2)^1/2) / 2 + PE
    Total System Jitter     (TSJ):    0.050ns
    Discrete Jitter          (DJ):    0.154ns
    Phase Error              (PE):    0.099ns

    Location             Delay type                Incr(ns)  Path(ns)    Netlist Resource(s)
  -------------------------------------------------------------------    -------------------
                         (clock clk_out rise edge)    0.000     0.000 r  
    W5                                                0.000     0.000 r  clk (IN)
                         net (fo=0)                   0.000     0.000    clk
    W5                   IBUF (Prop_ibuf_I_O)         0.226     0.226 r  clk_ibuf/O
                         net (fo=1, routed)           0.440     0.667    clk_in
    MMCME2_ADV_X1Y0      MMCME2_ADV (Prop_mmcme2_adv_CLKIN1_CLKOUT0)
                                                      0.050     0.717 r  clk_in_mmcme2/CLKOUT0
                         net (fo=2, routed)           0.486     1.203    clk_out
    BUFGCTRL_X0Y0        BUFGCTRL (Prop_bufgctrl_I0_O)
                                                      0.026     1.229 r  clk_out_bufgce/O
                         net (fo=41, routed)          0.585     1.813    u_top_vga/u_draw_bg/CLK
    SLICE_X4Y30          FDRE                                         r  u_top_vga/u_draw_bg/hsync_out_reg/C
  -------------------------------------------------------------------    -------------------
    SLICE_X4Y30          FDRE (Prop_fdre_C_Q)         0.141     1.954 r  u_top_vga/u_draw_bg/hsync_out_reg/Q
                         net (fo=1, routed)           0.348     2.302    Hsync_OBUF
    P19                  OBUF (Prop_obuf_I_O)         1.198     3.500 r  Hsync_OBUF_inst/O
                         net (fo=0)                   0.000     3.500    Hsync
    P19                                                               r  Hsync (OUT)
  -------------------------------------------------------------------    -------------------

Slack:                    inf
  Source:                 u_top_vga/u_draw_bg/rgb_out_reg[10]/C
                            (rising edge-triggered cell FDRE clocked by clk_out  {rise@0.000ns fall@12.500ns period=25.000ns})
  Destination:            vgaRed[2]
                            (output port)
  Path Group:             (none)
  Path Type:              Min at Fast Process Corner
  Data Path Delay:        1.712ns  (logic 1.366ns (79.759%)  route 0.347ns (20.241%))
  Logic Levels:           1  (OBUF=1)
  Clock Uncertainty:      0.179ns  ((TSJ^2 + DJ^2)^1/2) / 2 + PE
    Total System Jitter     (TSJ):    0.050ns
    Discrete Jitter          (DJ):    0.154ns
    Phase Error              (PE):    0.099ns

    Location             Delay type                Incr(ns)  Path(ns)    Netlist Resource(s)
  -------------------------------------------------------------------    -------------------
                         (clock clk_out rise edge)    0.000     0.000 r  
    W5                                                0.000     0.000 r  clk (IN)
                         net (fo=0)                   0.000     0.000    clk
    W5                   IBUF (Prop_ibuf_I_O)         0.226     0.226 r  clk_ibuf/O
                         net (fo=1, routed)           0.440     0.667    clk_in
    MMCME2_ADV_X1Y0      MMCME2_ADV (Prop_mmcme2_adv_CLKIN1_CLKOUT0)
                                                      0.050     0.717 r  clk_in_mmcme2/CLKOUT0
                         net (fo=2, routed)           0.486     1.203    clk_out
    BUFGCTRL_X0Y0        BUFGCTRL (Prop_bufgctrl_I0_O)
                                                      0.026     1.229 r  clk_out_bufgce/O
                         net (fo=41, routed)          0.590     1.818    u_top_vga/u_draw_bg/CLK
    SLICE_X3Y33          FDRE                                         r  u_top_vga/u_draw_bg/rgb_out_reg[10]/C
  -------------------------------------------------------------------    -------------------
    SLICE_X3Y33          FDRE (Prop_fdre_C_Q)         0.141     1.959 r  u_top_vga/u_draw_bg/rgb_out_reg[10]/Q
                         net (fo=1, routed)           0.347     2.306    vgaRed_OBUF[0]
    J19                  OBUF (Prop_obuf_I_O)         1.225     3.531 r  vgaRed_OBUF[2]_inst/O
                         net (fo=0)                   0.000     3.531    vgaRed[2]
    J19                                                               r  vgaRed[2] (OUT)
  -------------------------------------------------------------------    -------------------

Slack:                    inf
  Source:                 u_top_vga/u_draw_bg/rgb_out_reg[6]_lopt_replica/C
                            (rising edge-triggered cell FDRE clocked by clk_out  {rise@0.000ns fall@12.500ns period=25.000ns})
  Destination:            vgaGreen[0]
                            (output port)
  Path Group:             (none)
  Path Type:              Min at Fast Process Corner
  Data Path Delay:        1.712ns  (logic 1.386ns (80.972%)  route 0.326ns (19.028%))
  Logic Levels:           1  (OBUF=1)
  Clock Uncertainty:      0.179ns  ((TSJ^2 + DJ^2)^1/2) / 2 + PE
    Total System Jitter     (TSJ):    0.050ns
    Discrete Jitter          (DJ):    0.154ns
    Phase Error              (PE):    0.099ns

    Location             Delay type                Incr(ns)  Path(ns)    Netlist Resource(s)
  -------------------------------------------------------------------    -------------------
                         (clock clk_out rise edge)    0.000     0.000 r  
    W5                                                0.000     0.000 r  clk (IN)
                         net (fo=0)                   0.000     0.000    clk
    W5                   IBUF (Prop_ibuf_I_O)         0.226     0.226 r  clk_ibuf/O
                         net (fo=1, routed)           0.440     0.667    clk_in
    MMCME2_ADV_X1Y0      MMCME2_ADV (Prop_mmcme2_adv_CLKIN1_CLKOUT0)
                                                      0.050     0.717 r  clk_in_mmcme2/CLKOUT0
                         net (fo=2, routed)           0.486     1.203    clk_out
    BUFGCTRL_X0Y0        BUFGCTRL (Prop_bufgctrl_I0_O)
                                                      0.026     1.229 r  clk_out_bufgce/O
                         net (fo=41, routed)          0.591     1.819    u_top_vga/u_draw_bg/CLK
    SLICE_X2Y35          FDRE                                         r  u_top_vga/u_draw_bg/rgb_out_reg[6]_lopt_replica/C
  -------------------------------------------------------------------    -------------------
    SLICE_X2Y35          FDRE (Prop_fdre_C_Q)         0.164     1.983 r  u_top_vga/u_draw_bg/rgb_out_reg[6]_lopt_replica/Q
                         net (fo=1, routed)           0.326     2.309    lopt_3
    J17                  OBUF (Prop_obuf_I_O)         1.222     3.531 r  vgaGreen_OBUF[0]_inst/O
                         net (fo=0)                   0.000     3.531    vgaGreen[0]
    J17                                                               r  vgaGreen[0] (OUT)
  -------------------------------------------------------------------    -------------------

Slack:                    inf
  Source:                 u_top_vga/u_draw_bg/vsync_out_reg/C
                            (rising edge-triggered cell FDRE clocked by clk_out  {rise@0.000ns fall@12.500ns period=25.000ns})
  Destination:            Vsync
                            (output port)
  Path Group:             (none)
  Path Type:              Min at Fast Process Corner
  Data Path Delay:        1.726ns  (logic 1.345ns (77.932%)  route 0.381ns (22.068%))
  Logic Levels:           1  (OBUF=1)
  Clock Uncertainty:      0.179ns  ((TSJ^2 + DJ^2)^1/2) / 2 + PE
    Total System Jitter     (TSJ):    0.050ns
    Discrete Jitter          (DJ):    0.154ns
    Phase Error              (PE):    0.099ns

    Location             Delay type                Incr(ns)  Path(ns)    Netlist Resource(s)
  -------------------------------------------------------------------    -------------------
                         (clock clk_out rise edge)    0.000     0.000 r  
    W5                                                0.000     0.000 r  clk (IN)
                         net (fo=0)                   0.000     0.000    clk
    W5                   IBUF (Prop_ibuf_I_O)         0.226     0.226 r  clk_ibuf/O
                         net (fo=1, routed)           0.440     0.667    clk_in
    MMCME2_ADV_X1Y0      MMCME2_ADV (Prop_mmcme2_adv_CLKIN1_CLKOUT0)
                                                      0.050     0.717 r  clk_in_mmcme2/CLKOUT0
                         net (fo=2, routed)           0.486     1.203    clk_out
    BUFGCTRL_X0Y0        BUFGCTRL (Prop_bufgctrl_I0_O)
                                                      0.026     1.229 r  clk_out_bufgce/O
                         net (fo=41, routed)          0.583     1.811    u_top_vga/u_draw_bg/CLK
    SLICE_X5Y28          FDRE                                         r  u_top_vga/u_draw_bg/vsync_out_reg/C
  -------------------------------------------------------------------    -------------------
    SLICE_X5Y28          FDRE (Prop_fdre_C_Q)         0.141     1.952 r  u_top_vga/u_draw_bg/vsync_out_reg/Q
                         net (fo=1, routed)           0.381     2.333    Vsync_OBUF
    R19                  OBUF (Prop_obuf_I_O)         1.204     3.538 r  Vsync_OBUF_inst/O
                         net (fo=0)                   0.000     3.538    Vsync
    R19                                                               r  Vsync (OUT)
  -------------------------------------------------------------------    -------------------

Slack:                    inf
  Source:                 u_top_vga/u_draw_bg/rgb_out_reg[6]/C
                            (rising edge-triggered cell FDRE clocked by clk_out  {rise@0.000ns fall@12.500ns period=25.000ns})
  Destination:            vgaGreen[2]
                            (output port)
  Path Group:             (none)
  Path Type:              Min at Fast Process Corner
  Data Path Delay:        1.741ns  (logic 1.394ns (80.086%)  route 0.347ns (19.914%))
  Logic Levels:           1  (OBUF=1)
  Clock Uncertainty:      0.179ns  ((TSJ^2 + DJ^2)^1/2) / 2 + PE
    Total System Jitter     (TSJ):    0.050ns
    Discrete Jitter          (DJ):    0.154ns
    Phase Error              (PE):    0.099ns

    Location             Delay type                Incr(ns)  Path(ns)    Netlist Resource(s)
  -------------------------------------------------------------------    -------------------
                         (clock clk_out rise edge)    0.000     0.000 r  
    W5                                                0.000     0.000 r  clk (IN)
                         net (fo=0)                   0.000     0.000    clk
    W5                   IBUF (Prop_ibuf_I_O)         0.226     0.226 r  clk_ibuf/O
                         net (fo=1, routed)           0.440     0.667    clk_in
    MMCME2_ADV_X1Y0      MMCME2_ADV (Prop_mmcme2_adv_CLKIN1_CLKOUT0)
                                                      0.050     0.717 r  clk_in_mmcme2/CLKOUT0
                         net (fo=2, routed)           0.486     1.203    clk_out
    BUFGCTRL_X0Y0        BUFGCTRL (Prop_bufgctrl_I0_O)
                                                      0.026     1.229 r  clk_out_bufgce/O
                         net (fo=41, routed)          0.591     1.819    u_top_vga/u_draw_bg/CLK
    SLICE_X2Y35          FDRE                                         r  u_top_vga/u_draw_bg/rgb_out_reg[6]/C
  -------------------------------------------------------------------    -------------------
    SLICE_X2Y35          FDRE (Prop_fdre_C_Q)         0.164     1.983 r  u_top_vga/u_draw_bg/rgb_out_reg[6]/Q
                         net (fo=1, routed)           0.347     2.330    vgaGreen_OBUF[0]
    G17                  OBUF (Prop_obuf_I_O)         1.230     3.560 r  vgaGreen_OBUF[2]_inst/O
                         net (fo=0)                   0.000     3.560    vgaGreen[2]
    G17                                                               r  vgaGreen[2] (OUT)
  -------------------------------------------------------------------    -------------------

Slack:                    inf
  Source:                 u_top_vga/u_draw_bg/rgb_out_reg[3]/C
                            (rising edge-triggered cell FDRE clocked by clk_out  {rise@0.000ns fall@12.500ns period=25.000ns})
  Destination:            vgaBlue[3]
                            (output port)
  Path Group:             (none)
  Path Type:              Min at Fast Process Corner
  Data Path Delay:        1.757ns  (logic 1.367ns (77.771%)  route 0.391ns (22.229%))
  Logic Levels:           1  (OBUF=1)
  Clock Uncertainty:      0.179ns  ((TSJ^2 + DJ^2)^1/2) / 2 + PE
    Total System Jitter     (TSJ):    0.050ns
    Discrete Jitter          (DJ):    0.154ns
    Phase Error              (PE):    0.099ns

    Location             Delay type                Incr(ns)  Path(ns)    Netlist Resource(s)
  -------------------------------------------------------------------    -------------------
                         (clock clk_out rise edge)    0.000     0.000 r  
    W5                                                0.000     0.000 r  clk (IN)
                         net (fo=0)                   0.000     0.000    clk
    W5                   IBUF (Prop_ibuf_I_O)         0.226     0.226 r  clk_ibuf/O
                         net (fo=1, routed)           0.440     0.667    clk_in
    MMCME2_ADV_X1Y0      MMCME2_ADV (Prop_mmcme2_adv_CLKIN1_CLKOUT0)
                                                      0.050     0.717 r  clk_in_mmcme2/CLKOUT0
                         net (fo=2, routed)           0.486     1.203    clk_out
    BUFGCTRL_X0Y0        BUFGCTRL (Prop_bufgctrl_I0_O)
                                                      0.026     1.229 r  clk_out_bufgce/O
                         net (fo=41, routed)          0.590     1.818    u_top_vga/u_draw_bg/CLK
    SLICE_X1Y33          FDRE                                         r  u_top_vga/u_draw_bg/rgb_out_reg[3]/C
  -------------------------------------------------------------------    -------------------
    SLICE_X1Y33          FDRE (Prop_fdre_C_Q)         0.141     1.959 r  u_top_vga/u_draw_bg/rgb_out_reg[3]/Q
                         net (fo=1, routed)           0.391     2.350    vgaBlue_OBUF[3]
    J18                  OBUF (Prop_obuf_I_O)         1.226     3.575 r  vgaBlue_OBUF[3]_inst/O
                         net (fo=0)                   0.000     3.575    vgaBlue[3]
    J18                                                               r  vgaBlue[3] (OUT)
  -------------------------------------------------------------------    -------------------





--------------------------------------------------------------------------------------
Path Group:  (none)
From Clock:  
  To Clock:  clk_out

Max Delay            40 Endpoints
Min Delay            40 Endpoints
--------------------------------------------------------------------------------------


Max Delay Paths
--------------------------------------------------------------------------------------
Slack:                    inf
  Source:                 btnC
                            (input port)
  Destination:            u_top_vga/u_draw_bg/rgb_out_reg[2]/R
                            (rising edge-triggered cell FDRE clocked by clk_out  {rise@0.000ns fall@12.500ns period=25.000ns})
  Path Group:             (none)
  Path Type:              Setup (Max at Slow Process Corner)
  Data Path Delay:        5.039ns  (logic 1.689ns (33.523%)  route 3.350ns (66.477%))
  Logic Levels:           3  (IBUF=1 LUT3=1 LUT6=1)
  Clock Path Skew:        5.817ns (DCD - SCD + CPR)
    Destination Clock Delay (DCD):    5.817ns
    Source Clock Delay      (SCD):    0.000ns
    Clock Pessimism Removal (CPR):    0.000ns

    Location             Delay type                Incr(ns)  Path(ns)    Netlist Resource(s)
  -------------------------------------------------------------------    -------------------
    U18                                               0.000     0.000 r  btnC (IN)
                         net (fo=0)                   0.000     0.000    btnC
    U18                  IBUF (Prop_ibuf_I_O)         1.441     1.441 r  btnC_IBUF_inst/O
                         net (fo=29, routed)          2.137     3.579    u_top_vga/u_vga_timing/btnC_IBUF
    SLICE_X6Y30          LUT3 (Prop_lut3_I0_O)        0.124     3.703 r  u_top_vga/u_vga_timing/rgb_out[11]_i_1/O
                         net (fo=9, routed)           0.437     4.140    u_top_vga/u_vga_timing/SR[1]
    SLICE_X6Y31          LUT6 (Prop_lut6_I5_O)        0.124     4.264 r  u_top_vga/u_vga_timing/rgb_out[3]_i_1/O
                         net (fo=4, routed)           0.775     5.039    u_top_vga/u_draw_bg/SR[0]
    SLICE_X1Y33          FDRE                                         r  u_top_vga/u_draw_bg/rgb_out_reg[2]/R
  -------------------------------------------------------------------    -------------------

                         (clock clk_out rise edge)    0.000     0.000 r  
    W5                                                0.000     0.000 r  clk (IN)
                         net (fo=0)                   0.000     0.000    clk
    W5                   IBUF (Prop_ibuf_I_O)         1.388     1.388 r  clk_ibuf/O
                         net (fo=1, routed)           1.162     2.550    clk_in
    MMCME2_ADV_X1Y0      MMCME2_ADV (Prop_mmcme2_adv_CLKIN1_CLKOUT0)
                                                      0.083     2.633 r  clk_in_mmcme2/CLKOUT0
                         net (fo=2, routed)           1.581     4.214    clk_out
    BUFGCTRL_X0Y0        BUFGCTRL (Prop_bufgctrl_I0_O)
                                                      0.091     4.305 r  clk_out_bufgce/O
                         net (fo=41, routed)          1.512     5.817    u_top_vga/u_draw_bg/CLK
    SLICE_X1Y33          FDRE                                         r  u_top_vga/u_draw_bg/rgb_out_reg[2]/C

Slack:                    inf
  Source:                 btnC
                            (input port)
  Destination:            u_top_vga/u_draw_bg/rgb_out_reg[2]_lopt_replica_2/R
                            (rising edge-triggered cell FDRE clocked by clk_out  {rise@0.000ns fall@12.500ns period=25.000ns})
  Path Group:             (none)
  Path Type:              Setup (Max at Slow Process Corner)
  Data Path Delay:        5.039ns  (logic 1.689ns (33.523%)  route 3.350ns (66.477%))
  Logic Levels:           3  (IBUF=1 LUT3=1 LUT6=1)
  Clock Path Skew:        5.817ns (DCD - SCD + CPR)
    Destination Clock Delay (DCD):    5.817ns
    Source Clock Delay      (SCD):    0.000ns
    Clock Pessimism Removal (CPR):    0.000ns

    Location             Delay type                Incr(ns)  Path(ns)    Netlist Resource(s)
  -------------------------------------------------------------------    -------------------
    U18                                               0.000     0.000 r  btnC (IN)
                         net (fo=0)                   0.000     0.000    btnC
    U18                  IBUF (Prop_ibuf_I_O)         1.441     1.441 r  btnC_IBUF_inst/O
                         net (fo=29, routed)          2.137     3.579    u_top_vga/u_vga_timing/btnC_IBUF
    SLICE_X6Y30          LUT3 (Prop_lut3_I0_O)        0.124     3.703 r  u_top_vga/u_vga_timing/rgb_out[11]_i_1/O
                         net (fo=9, routed)           0.437     4.140    u_top_vga/u_vga_timing/SR[1]
    SLICE_X6Y31          LUT6 (Prop_lut6_I5_O)        0.124     4.264 r  u_top_vga/u_vga_timing/rgb_out[3]_i_1/O
                         net (fo=4, routed)           0.775     5.039    u_top_vga/u_draw_bg/SR[0]
    SLICE_X1Y33          FDRE                                         r  u_top_vga/u_draw_bg/rgb_out_reg[2]_lopt_replica_2/R
  -------------------------------------------------------------------    -------------------

                         (clock clk_out rise edge)    0.000     0.000 r  
    W5                                                0.000     0.000 r  clk (IN)
                         net (fo=0)                   0.000     0.000    clk
    W5                   IBUF (Prop_ibuf_I_O)         1.388     1.388 r  clk_ibuf/O
                         net (fo=1, routed)           1.162     2.550    clk_in
    MMCME2_ADV_X1Y0      MMCME2_ADV (Prop_mmcme2_adv_CLKIN1_CLKOUT0)
                                                      0.083     2.633 r  clk_in_mmcme2/CLKOUT0
                         net (fo=2, routed)           1.581     4.214    clk_out
    BUFGCTRL_X0Y0        BUFGCTRL (Prop_bufgctrl_I0_O)
                                                      0.091     4.305 r  clk_out_bufgce/O
                         net (fo=41, routed)          1.512     5.817    u_top_vga/u_draw_bg/CLK
    SLICE_X1Y33          FDRE                                         r  u_top_vga/u_draw_bg/rgb_out_reg[2]_lopt_replica_2/C

Slack:                    inf
  Source:                 btnC
                            (input port)
  Destination:            u_top_vga/u_draw_bg/rgb_out_reg[3]/R
                            (rising edge-triggered cell FDRE clocked by clk_out  {rise@0.000ns fall@12.500ns period=25.000ns})
  Path Group:             (none)
  Path Type:              Setup (Max at Slow Process Corner)
  Data Path Delay:        5.039ns  (logic 1.689ns (33.523%)  route 3.350ns (66.477%))
  Logic Levels:           3  (IBUF=1 LUT3=1 LUT6=1)
  Clock Path Skew:        5.817ns (DCD - SCD + CPR)
    Destination Clock Delay (DCD):    5.817ns
    Source Clock Delay      (SCD):    0.000ns
    Clock Pessimism Removal (CPR):    0.000ns

    Location             Delay type                Incr(ns)  Path(ns)    Netlist Resource(s)
  -------------------------------------------------------------------    -------------------
    U18                                               0.000     0.000 r  btnC (IN)
                         net (fo=0)                   0.000     0.000    btnC
    U18                  IBUF (Prop_ibuf_I_O)         1.441     1.441 r  btnC_IBUF_inst/O
                         net (fo=29, routed)          2.137     3.579    u_top_vga/u_vga_timing/btnC_IBUF
    SLICE_X6Y30          LUT3 (Prop_lut3_I0_O)        0.124     3.703 r  u_top_vga/u_vga_timing/rgb_out[11]_i_1/O
                         net (fo=9, routed)           0.437     4.140    u_top_vga/u_vga_timing/SR[1]
    SLICE_X6Y31          LUT6 (Prop_lut6_I5_O)        0.124     4.264 r  u_top_vga/u_vga_timing/rgb_out[3]_i_1/O
                         net (fo=4, routed)           0.775     5.039    u_top_vga/u_draw_bg/SR[0]
    SLICE_X1Y33          FDRE                                         r  u_top_vga/u_draw_bg/rgb_out_reg[3]/R
  -------------------------------------------------------------------    -------------------

                         (clock clk_out rise edge)    0.000     0.000 r  
    W5                                                0.000     0.000 r  clk (IN)
                         net (fo=0)                   0.000     0.000    clk
    W5                   IBUF (Prop_ibuf_I_O)         1.388     1.388 r  clk_ibuf/O
                         net (fo=1, routed)           1.162     2.550    clk_in
    MMCME2_ADV_X1Y0      MMCME2_ADV (Prop_mmcme2_adv_CLKIN1_CLKOUT0)
                                                      0.083     2.633 r  clk_in_mmcme2/CLKOUT0
                         net (fo=2, routed)           1.581     4.214    clk_out
    BUFGCTRL_X0Y0        BUFGCTRL (Prop_bufgctrl_I0_O)
                                                      0.091     4.305 r  clk_out_bufgce/O
                         net (fo=41, routed)          1.512     5.817    u_top_vga/u_draw_bg/CLK
    SLICE_X1Y33          FDRE                                         r  u_top_vga/u_draw_bg/rgb_out_reg[3]/C

Slack:                    inf
  Source:                 btnC
                            (input port)
  Destination:            u_top_vga/u_draw_bg/rgb_out_reg[2]_lopt_replica/R
                            (rising edge-triggered cell FDRE clocked by clk_out  {rise@0.000ns fall@12.500ns period=25.000ns})
  Path Group:             (none)
  Path Type:              Setup (Max at Slow Process Corner)
  Data Path Delay:        4.947ns  (logic 1.689ns (34.146%)  route 3.258ns (65.854%))
  Logic Levels:           3  (IBUF=1 LUT3=1 LUT6=1)
  Clock Path Skew:        5.814ns (DCD - SCD + CPR)
    Destination Clock Delay (DCD):    5.814ns
    Source Clock Delay      (SCD):    0.000ns
    Clock Pessimism Removal (CPR):    0.000ns

    Location             Delay type                Incr(ns)  Path(ns)    Netlist Resource(s)
  -------------------------------------------------------------------    -------------------
    U18                                               0.000     0.000 r  btnC (IN)
                         net (fo=0)                   0.000     0.000    btnC
    U18                  IBUF (Prop_ibuf_I_O)         1.441     1.441 r  btnC_IBUF_inst/O
                         net (fo=29, routed)          2.137     3.579    u_top_vga/u_vga_timing/btnC_IBUF
    SLICE_X6Y30          LUT3 (Prop_lut3_I0_O)        0.124     3.703 r  u_top_vga/u_vga_timing/rgb_out[11]_i_1/O
                         net (fo=9, routed)           0.437     4.140    u_top_vga/u_vga_timing/SR[1]
    SLICE_X6Y31          LUT6 (Prop_lut6_I5_O)        0.124     4.264 r  u_top_vga/u_vga_timing/rgb_out[3]_i_1/O
                         net (fo=4, routed)           0.684     4.947    u_top_vga/u_draw_bg/SR[0]
    SLICE_X1Y31          FDRE                                         r  u_top_vga/u_draw_bg/rgb_out_reg[2]_lopt_replica/R
  -------------------------------------------------------------------    -------------------

                         (clock clk_out rise edge)    0.000     0.000 r  
    W5                                                0.000     0.000 r  clk (IN)
                         net (fo=0)                   0.000     0.000    clk
    W5                   IBUF (Prop_ibuf_I_O)         1.388     1.388 r  clk_ibuf/O
                         net (fo=1, routed)           1.162     2.550    clk_in
    MMCME2_ADV_X1Y0      MMCME2_ADV (Prop_mmcme2_adv_CLKIN1_CLKOUT0)
                                                      0.083     2.633 r  clk_in_mmcme2/CLKOUT0
                         net (fo=2, routed)           1.581     4.214    clk_out
    BUFGCTRL_X0Y0        BUFGCTRL (Prop_bufgctrl_I0_O)
                                                      0.091     4.305 r  clk_out_bufgce/O
                         net (fo=41, routed)          1.509     5.814    u_top_vga/u_draw_bg/CLK
    SLICE_X1Y31          FDRE                                         r  u_top_vga/u_draw_bg/rgb_out_reg[2]_lopt_replica/C

Slack:                    inf
  Source:                 btnC
                            (input port)
  Destination:            u_top_vga/u_draw_bg/rgb_out_reg[6]/R
                            (rising edge-triggered cell FDRE clocked by clk_out  {rise@0.000ns fall@12.500ns period=25.000ns})
  Path Group:             (none)
  Path Type:              Setup (Max at Slow Process Corner)
  Data Path Delay:        4.779ns  (logic 1.565ns (32.751%)  route 3.214ns (67.249%))
  Logic Levels:           2  (IBUF=1 LUT3=1)
  Clock Path Skew:        5.819ns (DCD - SCD + CPR)
    Destination Clock Delay (DCD):    5.819ns
    Source Clock Delay      (SCD):    0.000ns
    Clock Pessimism Removal (CPR):    0.000ns

    Location             Delay type                Incr(ns)  Path(ns)    Netlist Resource(s)
  -------------------------------------------------------------------    -------------------
    U18                                               0.000     0.000 r  btnC (IN)
                         net (fo=0)                   0.000     0.000    btnC
    U18                  IBUF (Prop_ibuf_I_O)         1.441     1.441 r  btnC_IBUF_inst/O
                         net (fo=29, routed)          2.137     3.579    u_top_vga/u_vga_timing/btnC_IBUF
    SLICE_X6Y30          LUT3 (Prop_lut3_I0_O)        0.124     3.703 r  u_top_vga/u_vga_timing/rgb_out[11]_i_1/O
                         net (fo=9, routed)           1.077     4.779    u_top_vga/u_draw_bg/SR[1]
    SLICE_X2Y35          FDRE                                         r  u_top_vga/u_draw_bg/rgb_out_reg[6]/R
  -------------------------------------------------------------------    -------------------

                         (clock clk_out rise edge)    0.000     0.000 r  
    W5                                                0.000     0.000 r  clk (IN)
                         net (fo=0)                   0.000     0.000    clk
    W5                   IBUF (Prop_ibuf_I_O)         1.388     1.388 r  clk_ibuf/O
                         net (fo=1, routed)           1.162     2.550    clk_in
    MMCME2_ADV_X1Y0      MMCME2_ADV (Prop_mmcme2_adv_CLKIN1_CLKOUT0)
                                                      0.083     2.633 r  clk_in_mmcme2/CLKOUT0
                         net (fo=2, routed)           1.581     4.214    clk_out
    BUFGCTRL_X0Y0        BUFGCTRL (Prop_bufgctrl_I0_O)
                                                      0.091     4.305 r  clk_out_bufgce/O
                         net (fo=41, routed)          1.514     5.819    u_top_vga/u_draw_bg/CLK
    SLICE_X2Y35          FDRE                                         r  u_top_vga/u_draw_bg/rgb_out_reg[6]/C

Slack:                    inf
  Source:                 btnC
                            (input port)
  Destination:            u_top_vga/u_draw_bg/rgb_out_reg[6]_lopt_replica/R
                            (rising edge-triggered cell FDRE clocked by clk_out  {rise@0.000ns fall@12.500ns period=25.000ns})
  Path Group:             (none)
  Path Type:              Setup (Max at Slow Process Corner)
  Data Path Delay:        4.779ns  (logic 1.565ns (32.751%)  route 3.214ns (67.249%))
  Logic Levels:           2  (IBUF=1 LUT3=1)
  Clock Path Skew:        5.819ns (DCD - SCD + CPR)
    Destination Clock Delay (DCD):    5.819ns
    Source Clock Delay      (SCD):    0.000ns
    Clock Pessimism Removal (CPR):    0.000ns

    Location             Delay type                Incr(ns)  Path(ns)    Netlist Resource(s)
  -------------------------------------------------------------------    -------------------
    U18                                               0.000     0.000 r  btnC (IN)
                         net (fo=0)                   0.000     0.000    btnC
    U18                  IBUF (Prop_ibuf_I_O)         1.441     1.441 r  btnC_IBUF_inst/O
                         net (fo=29, routed)          2.137     3.579    u_top_vga/u_vga_timing/btnC_IBUF
    SLICE_X6Y30          LUT3 (Prop_lut3_I0_O)        0.124     3.703 r  u_top_vga/u_vga_timing/rgb_out[11]_i_1/O
                         net (fo=9, routed)           1.077     4.779    u_top_vga/u_draw_bg/SR[1]
    SLICE_X2Y35          FDRE                                         r  u_top_vga/u_draw_bg/rgb_out_reg[6]_lopt_replica/R
  -------------------------------------------------------------------    -------------------

                         (clock clk_out rise edge)    0.000     0.000 r  
    W5                                                0.000     0.000 r  clk (IN)
                         net (fo=0)                   0.000     0.000    clk
    W5                   IBUF (Prop_ibuf_I_O)         1.388     1.388 r  clk_ibuf/O
                         net (fo=1, routed)           1.162     2.550    clk_in
    MMCME2_ADV_X1Y0      MMCME2_ADV (Prop_mmcme2_adv_CLKIN1_CLKOUT0)
                                                      0.083     2.633 r  clk_in_mmcme2/CLKOUT0
                         net (fo=2, routed)           1.581     4.214    clk_out
    BUFGCTRL_X0Y0        BUFGCTRL (Prop_bufgctrl_I0_O)
                                                      0.091     4.305 r  clk_out_bufgce/O
                         net (fo=41, routed)          1.514     5.819    u_top_vga/u_draw_bg/CLK
    SLICE_X2Y35          FDRE                                         r  u_top_vga/u_draw_bg/rgb_out_reg[6]_lopt_replica/C

Slack:                    inf
  Source:                 btnC
                            (input port)
  Destination:            u_top_vga/u_draw_bg/rgb_out_reg[6]_lopt_replica_2/R
                            (rising edge-triggered cell FDRE clocked by clk_out  {rise@0.000ns fall@12.500ns period=25.000ns})
  Path Group:             (none)
  Path Type:              Setup (Max at Slow Process Corner)
  Data Path Delay:        4.779ns  (logic 1.565ns (32.751%)  route 3.214ns (67.249%))
  Logic Levels:           2  (IBUF=1 LUT3=1)
  Clock Path Skew:        5.819ns (DCD - SCD + CPR)
    Destination Clock Delay (DCD):    5.819ns
    Source Clock Delay      (SCD):    0.000ns
    Clock Pessimism Removal (CPR):    0.000ns

    Location             Delay type                Incr(ns)  Path(ns)    Netlist Resource(s)
  -------------------------------------------------------------------    -------------------
    U18                                               0.000     0.000 r  btnC (IN)
                         net (fo=0)                   0.000     0.000    btnC
    U18                  IBUF (Prop_ibuf_I_O)         1.441     1.441 r  btnC_IBUF_inst/O
                         net (fo=29, routed)          2.137     3.579    u_top_vga/u_vga_timing/btnC_IBUF
    SLICE_X6Y30          LUT3 (Prop_lut3_I0_O)        0.124     3.703 r  u_top_vga/u_vga_timing/rgb_out[11]_i_1/O
                         net (fo=9, routed)           1.077     4.779    u_top_vga/u_draw_bg/SR[1]
    SLICE_X2Y35          FDRE                                         r  u_top_vga/u_draw_bg/rgb_out_reg[6]_lopt_replica_2/R
  -------------------------------------------------------------------    -------------------

                         (clock clk_out rise edge)    0.000     0.000 r  
    W5                                                0.000     0.000 r  clk (IN)
                         net (fo=0)                   0.000     0.000    clk
    W5                   IBUF (Prop_ibuf_I_O)         1.388     1.388 r  clk_ibuf/O
                         net (fo=1, routed)           1.162     2.550    clk_in
    MMCME2_ADV_X1Y0      MMCME2_ADV (Prop_mmcme2_adv_CLKIN1_CLKOUT0)
                                                      0.083     2.633 r  clk_in_mmcme2/CLKOUT0
                         net (fo=2, routed)           1.581     4.214    clk_out
    BUFGCTRL_X0Y0        BUFGCTRL (Prop_bufgctrl_I0_O)
                                                      0.091     4.305 r  clk_out_bufgce/O
                         net (fo=41, routed)          1.514     5.819    u_top_vga/u_draw_bg/CLK
    SLICE_X2Y35          FDRE                                         r  u_top_vga/u_draw_bg/rgb_out_reg[6]_lopt_replica_2/C

Slack:                    inf
  Source:                 btnC
                            (input port)
  Destination:            u_top_vga/u_draw_bg/rgb_out_reg[10]/R
                            (rising edge-triggered cell FDRE clocked by clk_out  {rise@0.000ns fall@12.500ns period=25.000ns})
  Path Group:             (none)
  Path Type:              Setup (Max at Slow Process Corner)
  Data Path Delay:        4.555ns  (logic 1.565ns (34.365%)  route 2.990ns (65.635%))
  Logic Levels:           2  (IBUF=1 LUT3=1)
  Clock Path Skew:        5.817ns (DCD - SCD + CPR)
    Destination Clock Delay (DCD):    5.817ns
    Source Clock Delay      (SCD):    0.000ns
    Clock Pessimism Removal (CPR):    0.000ns

    Location             Delay type                Incr(ns)  Path(ns)    Netlist Resource(s)
  -------------------------------------------------------------------    -------------------
    U18                                               0.000     0.000 r  btnC (IN)
                         net (fo=0)                   0.000     0.000    btnC
    U18                  IBUF (Prop_ibuf_I_O)         1.441     1.441 r  btnC_IBUF_inst/O
                         net (fo=29, routed)          2.137     3.579    u_top_vga/u_vga_timing/btnC_IBUF
    SLICE_X6Y30          LUT3 (Prop_lut3_I0_O)        0.124     3.703 r  u_top_vga/u_vga_timing/rgb_out[11]_i_1/O
                         net (fo=9, routed)           0.852     4.555    u_top_vga/u_draw_bg/SR[1]
    SLICE_X3Y33          FDRE                                         r  u_top_vga/u_draw_bg/rgb_out_reg[10]/R
  -------------------------------------------------------------------    -------------------

                         (clock clk_out rise edge)    0.000     0.000 r  
    W5                                                0.000     0.000 r  clk (IN)
                         net (fo=0)                   0.000     0.000    clk
    W5                   IBUF (Prop_ibuf_I_O)         1.388     1.388 r  clk_ibuf/O
                         net (fo=1, routed)           1.162     2.550    clk_in
    MMCME2_ADV_X1Y0      MMCME2_ADV (Prop_mmcme2_adv_CLKIN1_CLKOUT0)
                                                      0.083     2.633 r  clk_in_mmcme2/CLKOUT0
                         net (fo=2, routed)           1.581     4.214    clk_out
    BUFGCTRL_X0Y0        BUFGCTRL (Prop_bufgctrl_I0_O)
                                                      0.091     4.305 r  clk_out_bufgce/O
                         net (fo=41, routed)          1.512     5.817    u_top_vga/u_draw_bg/CLK
    SLICE_X3Y33          FDRE                                         r  u_top_vga/u_draw_bg/rgb_out_reg[10]/C

Slack:                    inf
  Source:                 btnC
                            (input port)
  Destination:            u_top_vga/u_draw_bg/rgb_out_reg[10]_lopt_replica/R
                            (rising edge-triggered cell FDRE clocked by clk_out  {rise@0.000ns fall@12.500ns period=25.000ns})
  Path Group:             (none)
  Path Type:              Setup (Max at Slow Process Corner)
  Data Path Delay:        4.555ns  (logic 1.565ns (34.365%)  route 2.990ns (65.635%))
  Logic Levels:           2  (IBUF=1 LUT3=1)
  Clock Path Skew:        5.817ns (DCD - SCD + CPR)
    Destination Clock Delay (DCD):    5.817ns
    Source Clock Delay      (SCD):    0.000ns
    Clock Pessimism Removal (CPR):    0.000ns

    Location             Delay type                Incr(ns)  Path(ns)    Netlist Resource(s)
  -------------------------------------------------------------------    -------------------
    U18                                               0.000     0.000 r  btnC (IN)
                         net (fo=0)                   0.000     0.000    btnC
    U18                  IBUF (Prop_ibuf_I_O)         1.441     1.441 r  btnC_IBUF_inst/O
                         net (fo=29, routed)          2.137     3.579    u_top_vga/u_vga_timing/btnC_IBUF
    SLICE_X6Y30          LUT3 (Prop_lut3_I0_O)        0.124     3.703 r  u_top_vga/u_vga_timing/rgb_out[11]_i_1/O
                         net (fo=9, routed)           0.852     4.555    u_top_vga/u_draw_bg/SR[1]
    SLICE_X2Y33          FDRE                                         r  u_top_vga/u_draw_bg/rgb_out_reg[10]_lopt_replica/R
  -------------------------------------------------------------------    -------------------

                         (clock clk_out rise edge)    0.000     0.000 r  
    W5                                                0.000     0.000 r  clk (IN)
                         net (fo=0)                   0.000     0.000    clk
    W5                   IBUF (Prop_ibuf_I_O)         1.388     1.388 r  clk_ibuf/O
                         net (fo=1, routed)           1.162     2.550    clk_in
    MMCME2_ADV_X1Y0      MMCME2_ADV (Prop_mmcme2_adv_CLKIN1_CLKOUT0)
                                                      0.083     2.633 r  clk_in_mmcme2/CLKOUT0
                         net (fo=2, routed)           1.581     4.214    clk_out
    BUFGCTRL_X0Y0        BUFGCTRL (Prop_bufgctrl_I0_O)
                                                      0.091     4.305 r  clk_out_bufgce/O
                         net (fo=41, routed)          1.512     5.817    u_top_vga/u_draw_bg/CLK
    SLICE_X2Y33          FDRE                                         r  u_top_vga/u_draw_bg/rgb_out_reg[10]_lopt_replica/C

Slack:                    inf
  Source:                 btnC
                            (input port)
  Destination:            u_top_vga/u_draw_bg/rgb_out_reg[10]_lopt_replica_2/R
                            (rising edge-triggered cell FDRE clocked by clk_out  {rise@0.000ns fall@12.500ns period=25.000ns})
  Path Group:             (none)
  Path Type:              Setup (Max at Slow Process Corner)
  Data Path Delay:        4.555ns  (logic 1.565ns (34.365%)  route 2.990ns (65.635%))
  Logic Levels:           2  (IBUF=1 LUT3=1)
  Clock Path Skew:        5.817ns (DCD - SCD + CPR)
    Destination Clock Delay (DCD):    5.817ns
    Source Clock Delay      (SCD):    0.000ns
    Clock Pessimism Removal (CPR):    0.000ns

    Location             Delay type                Incr(ns)  Path(ns)    Netlist Resource(s)
  -------------------------------------------------------------------    -------------------
    U18                                               0.000     0.000 r  btnC (IN)
                         net (fo=0)                   0.000     0.000    btnC
    U18                  IBUF (Prop_ibuf_I_O)         1.441     1.441 r  btnC_IBUF_inst/O
                         net (fo=29, routed)          2.137     3.579    u_top_vga/u_vga_timing/btnC_IBUF
    SLICE_X6Y30          LUT3 (Prop_lut3_I0_O)        0.124     3.703 r  u_top_vga/u_vga_timing/rgb_out[11]_i_1/O
                         net (fo=9, routed)           0.852     4.555    u_top_vga/u_draw_bg/SR[1]
    SLICE_X2Y33          FDRE                                         r  u_top_vga/u_draw_bg/rgb_out_reg[10]_lopt_replica_2/R
  -------------------------------------------------------------------    -------------------

                         (clock clk_out rise edge)    0.000     0.000 r  
    W5                                                0.000     0.000 r  clk (IN)
                         net (fo=0)                   0.000     0.000    clk
    W5                   IBUF (Prop_ibuf_I_O)         1.388     1.388 r  clk_ibuf/O
                         net (fo=1, routed)           1.162     2.550    clk_in
    MMCME2_ADV_X1Y0      MMCME2_ADV (Prop_mmcme2_adv_CLKIN1_CLKOUT0)
                                                      0.083     2.633 r  clk_in_mmcme2/CLKOUT0
                         net (fo=2, routed)           1.581     4.214    clk_out
    BUFGCTRL_X0Y0        BUFGCTRL (Prop_bufgctrl_I0_O)
                                                      0.091     4.305 r  clk_out_bufgce/O
                         net (fo=41, routed)          1.512     5.817    u_top_vga/u_draw_bg/CLK
    SLICE_X2Y33          FDRE                                         r  u_top_vga/u_draw_bg/rgb_out_reg[10]_lopt_replica_2/C





Min Delay Paths
--------------------------------------------------------------------------------------
Slack:                    inf
  Source:                 btnC
                            (input port)
  Destination:            u_top_vga/u_vga_timing/vblnk_reg/CLR
                            (removal check against rising-edge clock clk_out  {rise@0.000ns fall@12.500ns period=25.000ns})
  Path Group:             (none)
  Path Type:              Removal (Min at Fast Process Corner)
  Data Path Delay:        0.918ns  (logic 0.210ns (22.823%)  route 0.709ns (77.177%))
  Logic Levels:           1  (IBUF=1)
  Clock Path Skew:        2.358ns (DCD - SCD - CPR)
    Destination Clock Delay (DCD):    2.358ns
    Source Clock Delay      (SCD):    0.000ns
    Clock Pessimism Removal (CPR):    -0.000ns

    Location             Delay type                Incr(ns)  Path(ns)    Netlist Resource(s)
  -------------------------------------------------------------------    -------------------
    U18                                               0.000     0.000 f  btnC (IN)
                         net (fo=0)                   0.000     0.000    btnC
    U18                  IBUF (Prop_ibuf_I_O)         0.210     0.210 f  btnC_IBUF_inst/O
                         net (fo=29, routed)          0.709     0.918    u_top_vga/u_vga_timing/btnC_IBUF
    SLICE_X5Y29          FDCE                                         f  u_top_vga/u_vga_timing/vblnk_reg/CLR
  -------------------------------------------------------------------    -------------------

                         (clock clk_out rise edge)    0.000     0.000 r  
    W5                                                0.000     0.000 r  clk (IN)
                         net (fo=0)                   0.000     0.000    clk
    W5                   IBUF (Prop_ibuf_I_O)         0.414     0.414 r  clk_ibuf/O
                         net (fo=1, routed)           0.480     0.894    clk_in
    MMCME2_ADV_X1Y0      MMCME2_ADV (Prop_mmcme2_adv_CLKIN1_CLKOUT0)
                                                      0.053     0.947 r  clk_in_mmcme2/CLKOUT0
                         net (fo=2, routed)           0.530     1.477    clk_out
    BUFGCTRL_X0Y0        BUFGCTRL (Prop_bufgctrl_I0_O)
                                                      0.029     1.506 r  clk_out_bufgce/O
                         net (fo=41, routed)          0.853     2.358    u_top_vga/u_vga_timing/CLK
    SLICE_X5Y29          FDCE                                         r  u_top_vga/u_vga_timing/vblnk_reg/C

Slack:                    inf
  Source:                 btnC
                            (input port)
  Destination:            u_top_vga/u_vga_timing/hblnk_reg/CLR
                            (removal check against rising-edge clock clk_out  {rise@0.000ns fall@12.500ns period=25.000ns})
  Path Group:             (none)
  Path Type:              Removal (Min at Fast Process Corner)
  Data Path Delay:        0.955ns  (logic 0.210ns (21.946%)  route 0.745ns (78.054%))
  Logic Levels:           1  (IBUF=1)
  Clock Path Skew:        2.359ns (DCD - SCD - CPR)
    Destination Clock Delay (DCD):    2.359ns
    Source Clock Delay      (SCD):    0.000ns
    Clock Pessimism Removal (CPR):    -0.000ns

    Location             Delay type                Incr(ns)  Path(ns)    Netlist Resource(s)
  -------------------------------------------------------------------    -------------------
    U18                                               0.000     0.000 f  btnC (IN)
                         net (fo=0)                   0.000     0.000    btnC
    U18                  IBUF (Prop_ibuf_I_O)         0.210     0.210 f  btnC_IBUF_inst/O
                         net (fo=29, routed)          0.745     0.955    u_top_vga/u_vga_timing/btnC_IBUF
    SLICE_X5Y30          FDCE                                         f  u_top_vga/u_vga_timing/hblnk_reg/CLR
  -------------------------------------------------------------------    -------------------

                         (clock clk_out rise edge)    0.000     0.000 r  
    W5                                                0.000     0.000 r  clk (IN)
                         net (fo=0)                   0.000     0.000    clk
    W5                   IBUF (Prop_ibuf_I_O)         0.414     0.414 r  clk_ibuf/O
                         net (fo=1, routed)           0.480     0.894    clk_in
    MMCME2_ADV_X1Y0      MMCME2_ADV (Prop_mmcme2_adv_CLKIN1_CLKOUT0)
                                                      0.053     0.947 r  clk_in_mmcme2/CLKOUT0
                         net (fo=2, routed)           0.530     1.477    clk_out
    BUFGCTRL_X0Y0        BUFGCTRL (Prop_bufgctrl_I0_O)
                                                      0.029     1.506 r  clk_out_bufgce/O
                         net (fo=41, routed)          0.854     2.359    u_top_vga/u_vga_timing/CLK
    SLICE_X5Y30          FDCE                                         r  u_top_vga/u_vga_timing/hblnk_reg/C

Slack:                    inf
  Source:                 btnC
                            (input port)
  Destination:            u_top_vga/u_vga_timing/hcount_reg[9]/CLR
                            (removal check against rising-edge clock clk_out  {rise@0.000ns fall@12.500ns period=25.000ns})
  Path Group:             (none)
  Path Type:              Removal (Min at Fast Process Corner)
  Data Path Delay:        0.955ns  (logic 0.210ns (21.946%)  route 0.745ns (78.054%))
  Logic Levels:           1  (IBUF=1)
  Clock Path Skew:        2.359ns (DCD - SCD - CPR)
    Destination Clock Delay (DCD):    2.359ns
    Source Clock Delay      (SCD):    0.000ns
    Clock Pessimism Removal (CPR):    -0.000ns

    Location             Delay type                Incr(ns)  Path(ns)    Netlist Resource(s)
  -------------------------------------------------------------------    -------------------
    U18                                               0.000     0.000 f  btnC (IN)
                         net (fo=0)                   0.000     0.000    btnC
    U18                  IBUF (Prop_ibuf_I_O)         0.210     0.210 f  btnC_IBUF_inst/O
                         net (fo=29, routed)          0.745     0.955    u_top_vga/u_vga_timing/btnC_IBUF
    SLICE_X5Y30          FDCE                                         f  u_top_vga/u_vga_timing/hcount_reg[9]/CLR
  -------------------------------------------------------------------    -------------------

                         (clock clk_out rise edge)    0.000     0.000 r  
    W5                                                0.000     0.000 r  clk (IN)
                         net (fo=0)                   0.000     0.000    clk
    W5                   IBUF (Prop_ibuf_I_O)         0.414     0.414 r  clk_ibuf/O
                         net (fo=1, routed)           0.480     0.894    clk_in
    MMCME2_ADV_X1Y0      MMCME2_ADV (Prop_mmcme2_adv_CLKIN1_CLKOUT0)
                                                      0.053     0.947 r  clk_in_mmcme2/CLKOUT0
                         net (fo=2, routed)           0.530     1.477    clk_out
    BUFGCTRL_X0Y0        BUFGCTRL (Prop_bufgctrl_I0_O)
                                                      0.029     1.506 r  clk_out_bufgce/O
                         net (fo=41, routed)          0.854     2.359    u_top_vga/u_vga_timing/CLK
    SLICE_X5Y30          FDCE                                         r  u_top_vga/u_vga_timing/hcount_reg[9]/C

Slack:                    inf
  Source:                 btnC
                            (input port)
  Destination:            u_top_vga/u_draw_bg/hsync_out_reg/R
                            (rising edge-triggered cell FDRE clocked by clk_out  {rise@0.000ns fall@12.500ns period=25.000ns})
  Path Group:             (none)
  Path Type:              Hold (Min at Fast Process Corner)
  Data Path Delay:        0.959ns  (logic 0.210ns (21.846%)  route 0.750ns (78.154%))
  Logic Levels:           1  (IBUF=1)
  Clock Path Skew:        2.359ns (DCD - SCD - CPR)
    Destination Clock Delay (DCD):    2.359ns
    Source Clock Delay      (SCD):    0.000ns
    Clock Pessimism Removal (CPR):    -0.000ns

    Location             Delay type                Incr(ns)  Path(ns)    Netlist Resource(s)
  -------------------------------------------------------------------    -------------------
    U18                                               0.000     0.000 r  btnC (IN)
                         net (fo=0)                   0.000     0.000    btnC
    U18                  IBUF (Prop_ibuf_I_O)         0.210     0.210 r  btnC_IBUF_inst/O
                         net (fo=29, routed)          0.750     0.959    u_top_vga/u_draw_bg/btnC_IBUF
    SLICE_X4Y30          FDRE                                         r  u_top_vga/u_draw_bg/hsync_out_reg/R
  -------------------------------------------------------------------    -------------------

                         (clock clk_out rise edge)    0.000     0.000 r  
    W5                                                0.000     0.000 r  clk (IN)
                         net (fo=0)                   0.000     0.000    clk
    W5                   IBUF (Prop_ibuf_I_O)         0.414     0.414 r  clk_ibuf/O
                         net (fo=1, routed)           0.480     0.894    clk_in
    MMCME2_ADV_X1Y0      MMCME2_ADV (Prop_mmcme2_adv_CLKIN1_CLKOUT0)
                                                      0.053     0.947 r  clk_in_mmcme2/CLKOUT0
                         net (fo=2, routed)           0.530     1.477    clk_out
    BUFGCTRL_X0Y0        BUFGCTRL (Prop_bufgctrl_I0_O)
                                                      0.029     1.506 r  clk_out_bufgce/O
                         net (fo=41, routed)          0.854     2.359    u_top_vga/u_draw_bg/CLK
    SLICE_X4Y30          FDRE                                         r  u_top_vga/u_draw_bg/hsync_out_reg/C

Slack:                    inf
  Source:                 btnC
                            (input port)
  Destination:            u_top_vga/u_draw_bg/vsync_out_reg/R
                            (rising edge-triggered cell FDRE clocked by clk_out  {rise@0.000ns fall@12.500ns period=25.000ns})
  Path Group:             (none)
  Path Type:              Hold (Min at Fast Process Corner)
  Data Path Delay:        0.971ns  (logic 0.210ns (21.580%)  route 0.761ns (78.420%))
  Logic Levels:           1  (IBUF=1)
  Clock Path Skew:        2.357ns (DCD - SCD - CPR)
    Destination Clock Delay (DCD):    2.357ns
    Source Clock Delay      (SCD):    0.000ns
    Clock Pessimism Removal (CPR):    -0.000ns

    Location             Delay type                Incr(ns)  Path(ns)    Netlist Resource(s)
  -------------------------------------------------------------------    -------------------
    U18                                               0.000     0.000 r  btnC (IN)
                         net (fo=0)                   0.000     0.000    btnC
    U18                  IBUF (Prop_ibuf_I_O)         0.210     0.210 r  btnC_IBUF_inst/O
                         net (fo=29, routed)          0.761     0.971    u_top_vga/u_draw_bg/btnC_IBUF
    SLICE_X5Y28          FDRE                                         r  u_top_vga/u_draw_bg/vsync_out_reg/R
  -------------------------------------------------------------------    -------------------

                         (clock clk_out rise edge)    0.000     0.000 r  
    W5                                                0.000     0.000 r  clk (IN)
                         net (fo=0)                   0.000     0.000    clk
    W5                   IBUF (Prop_ibuf_I_O)         0.414     0.414 r  clk_ibuf/O
                         net (fo=1, routed)           0.480     0.894    clk_in
    MMCME2_ADV_X1Y0      MMCME2_ADV (Prop_mmcme2_adv_CLKIN1_CLKOUT0)
                                                      0.053     0.947 r  clk_in_mmcme2/CLKOUT0
                         net (fo=2, routed)           0.530     1.477    clk_out
    BUFGCTRL_X0Y0        BUFGCTRL (Prop_bufgctrl_I0_O)
                                                      0.029     1.506 r  clk_out_bufgce/O
                         net (fo=41, routed)          0.852     2.357    u_top_vga/u_draw_bg/CLK
    SLICE_X5Y28          FDRE                                         r  u_top_vga/u_draw_bg/vsync_out_reg/C

Slack:                    inf
  Source:                 btnC
                            (input port)
  Destination:            u_top_vga/u_vga_timing/hcount_reg[0]/CLR
                            (removal check against rising-edge clock clk_out  {rise@0.000ns fall@12.500ns period=25.000ns})
  Path Group:             (none)
  Path Type:              Removal (Min at Fast Process Corner)
  Data Path Delay:        1.003ns  (logic 0.210ns (20.890%)  route 0.793ns (79.110%))
  Logic Levels:           1  (IBUF=1)
  Clock Path Skew:        2.359ns (DCD - SCD - CPR)
    Destination Clock Delay (DCD):    2.359ns
    Source Clock Delay      (SCD):    0.000ns
    Clock Pessimism Removal (CPR):    -0.000ns

    Location             Delay type                Incr(ns)  Path(ns)    Netlist Resource(s)
  -------------------------------------------------------------------    -------------------
    U18                                               0.000     0.000 f  btnC (IN)
                         net (fo=0)                   0.000     0.000    btnC
    U18                  IBUF (Prop_ibuf_I_O)         0.210     0.210 f  btnC_IBUF_inst/O
                         net (fo=29, routed)          0.793     1.003    u_top_vga/u_vga_timing/btnC_IBUF
    SLICE_X6Y30          FDCE                                         f  u_top_vga/u_vga_timing/hcount_reg[0]/CLR
  -------------------------------------------------------------------    -------------------

                         (clock clk_out rise edge)    0.000     0.000 r  
    W5                                                0.000     0.000 r  clk (IN)
                         net (fo=0)                   0.000     0.000    clk
    W5                   IBUF (Prop_ibuf_I_O)         0.414     0.414 r  clk_ibuf/O
                         net (fo=1, routed)           0.480     0.894    clk_in
    MMCME2_ADV_X1Y0      MMCME2_ADV (Prop_mmcme2_adv_CLKIN1_CLKOUT0)
                                                      0.053     0.947 r  clk_in_mmcme2/CLKOUT0
                         net (fo=2, routed)           0.530     1.477    clk_out
    BUFGCTRL_X0Y0        BUFGCTRL (Prop_bufgctrl_I0_O)
                                                      0.029     1.506 r  clk_out_bufgce/O
                         net (fo=41, routed)          0.854     2.359    u_top_vga/u_vga_timing/CLK
    SLICE_X6Y30          FDCE                                         r  u_top_vga/u_vga_timing/hcount_reg[0]/C

Slack:                    inf
  Source:                 btnC
                            (input port)
  Destination:            u_top_vga/u_vga_timing/hcount_reg[2]/CLR
                            (removal check against rising-edge clock clk_out  {rise@0.000ns fall@12.500ns period=25.000ns})
  Path Group:             (none)
  Path Type:              Removal (Min at Fast Process Corner)
  Data Path Delay:        1.003ns  (logic 0.210ns (20.890%)  route 0.793ns (79.110%))
  Logic Levels:           1  (IBUF=1)
  Clock Path Skew:        2.359ns (DCD - SCD - CPR)
    Destination Clock Delay (DCD):    2.359ns
    Source Clock Delay      (SCD):    0.000ns
    Clock Pessimism Removal (CPR):    -0.000ns

    Location             Delay type                Incr(ns)  Path(ns)    Netlist Resource(s)
  -------------------------------------------------------------------    -------------------
    U18                                               0.000     0.000 f  btnC (IN)
                         net (fo=0)                   0.000     0.000    btnC
    U18                  IBUF (Prop_ibuf_I_O)         0.210     0.210 f  btnC_IBUF_inst/O
                         net (fo=29, routed)          0.793     1.003    u_top_vga/u_vga_timing/btnC_IBUF
    SLICE_X6Y30          FDCE                                         f  u_top_vga/u_vga_timing/hcount_reg[2]/CLR
  -------------------------------------------------------------------    -------------------

                         (clock clk_out rise edge)    0.000     0.000 r  
    W5                                                0.000     0.000 r  clk (IN)
                         net (fo=0)                   0.000     0.000    clk
    W5                   IBUF (Prop_ibuf_I_O)         0.414     0.414 r  clk_ibuf/O
                         net (fo=1, routed)           0.480     0.894    clk_in
    MMCME2_ADV_X1Y0      MMCME2_ADV (Prop_mmcme2_adv_CLKIN1_CLKOUT0)
                                                      0.053     0.947 r  clk_in_mmcme2/CLKOUT0
                         net (fo=2, routed)           0.530     1.477    clk_out
    BUFGCTRL_X0Y0        BUFGCTRL (Prop_bufgctrl_I0_O)
                                                      0.029     1.506 r  clk_out_bufgce/O
                         net (fo=41, routed)          0.854     2.359    u_top_vga/u_vga_timing/CLK
    SLICE_X6Y30          FDCE                                         r  u_top_vga/u_vga_timing/hcount_reg[2]/C

Slack:                    inf
  Source:                 btnC
                            (input port)
  Destination:            u_top_vga/u_vga_timing/hcount_reg[6]/CLR
                            (removal check against rising-edge clock clk_out  {rise@0.000ns fall@12.500ns period=25.000ns})
  Path Group:             (none)
  Path Type:              Removal (Min at Fast Process Corner)
  Data Path Delay:        1.003ns  (logic 0.210ns (20.890%)  route 0.793ns (79.110%))
  Logic Levels:           1  (IBUF=1)
  Clock Path Skew:        2.359ns (DCD - SCD - CPR)
    Destination Clock Delay (DCD):    2.359ns
    Source Clock Delay      (SCD):    0.000ns
    Clock Pessimism Removal (CPR):    -0.000ns

    Location             Delay type                Incr(ns)  Path(ns)    Netlist Resource(s)
  -------------------------------------------------------------------    -------------------
    U18                                               0.000     0.000 f  btnC (IN)
                         net (fo=0)                   0.000     0.000    btnC
    U18                  IBUF (Prop_ibuf_I_O)         0.210     0.210 f  btnC_IBUF_inst/O
                         net (fo=29, routed)          0.793     1.003    u_top_vga/u_vga_timing/btnC_IBUF
    SLICE_X6Y30          FDCE                                         f  u_top_vga/u_vga_timing/hcount_reg[6]/CLR
  -------------------------------------------------------------------    -------------------

                         (clock clk_out rise edge)    0.000     0.000 r  
    W5                                                0.000     0.000 r  clk (IN)
                         net (fo=0)                   0.000     0.000    clk
    W5                   IBUF (Prop_ibuf_I_O)         0.414     0.414 r  clk_ibuf/O
                         net (fo=1, routed)           0.480     0.894    clk_in
    MMCME2_ADV_X1Y0      MMCME2_ADV (Prop_mmcme2_adv_CLKIN1_CLKOUT0)
                                                      0.053     0.947 r  clk_in_mmcme2/CLKOUT0
                         net (fo=2, routed)           0.530     1.477    clk_out
    BUFGCTRL_X0Y0        BUFGCTRL (Prop_bufgctrl_I0_O)
                                                      0.029     1.506 r  clk_out_bufgce/O
                         net (fo=41, routed)          0.854     2.359    u_top_vga/u_vga_timing/CLK
    SLICE_X6Y30          FDCE                                         r  u_top_vga/u_vga_timing/hcount_reg[6]/C

Slack:                    inf
  Source:                 btnC
                            (input port)
  Destination:            u_top_vga/u_vga_timing/vcount_reg[0]/CLR
                            (removal check against rising-edge clock clk_out  {rise@0.000ns fall@12.500ns period=25.000ns})
  Path Group:             (none)
  Path Type:              Removal (Min at Fast Process Corner)
  Data Path Delay:        1.003ns  (logic 0.210ns (20.890%)  route 0.793ns (79.110%))
  Logic Levels:           1  (IBUF=1)
  Clock Path Skew:        2.359ns (DCD - SCD - CPR)
    Destination Clock Delay (DCD):    2.359ns
    Source Clock Delay      (SCD):    0.000ns
    Clock Pessimism Removal (CPR):    -0.000ns

    Location             Delay type                Incr(ns)  Path(ns)    Netlist Resource(s)
  -------------------------------------------------------------------    -------------------
    U18                                               0.000     0.000 f  btnC (IN)
                         net (fo=0)                   0.000     0.000    btnC
    U18                  IBUF (Prop_ibuf_I_O)         0.210     0.210 f  btnC_IBUF_inst/O
                         net (fo=29, routed)          0.793     1.003    u_top_vga/u_vga_timing/btnC_IBUF
    SLICE_X7Y30          FDCE                                         f  u_top_vga/u_vga_timing/vcount_reg[0]/CLR
  -------------------------------------------------------------------    -------------------

                         (clock clk_out rise edge)    0.000     0.000 r  
    W5                                                0.000     0.000 r  clk (IN)
                         net (fo=0)                   0.000     0.000    clk
    W5                   IBUF (Prop_ibuf_I_O)         0.414     0.414 r  clk_ibuf/O
                         net (fo=1, routed)           0.480     0.894    clk_in
    MMCME2_ADV_X1Y0      MMCME2_ADV (Prop_mmcme2_adv_CLKIN1_CLKOUT0)
                                                      0.053     0.947 r  clk_in_mmcme2/CLKOUT0
                         net (fo=2, routed)           0.530     1.477    clk_out
    BUFGCTRL_X0Y0        BUFGCTRL (Prop_bufgctrl_I0_O)
                                                      0.029     1.506 r  clk_out_bufgce/O
                         net (fo=41, routed)          0.854     2.359    u_top_vga/u_vga_timing/CLK
    SLICE_X7Y30          FDCE                                         r  u_top_vga/u_vga_timing/vcount_reg[0]/C

Slack:                    inf
  Source:                 btnC
                            (input port)
  Destination:            u_top_vga/u_vga_timing/vcount_reg[1]/CLR
                            (removal check against rising-edge clock clk_out  {rise@0.000ns fall@12.500ns period=25.000ns})
  Path Group:             (none)
  Path Type:              Removal (Min at Fast Process Corner)
  Data Path Delay:        1.003ns  (logic 0.210ns (20.890%)  route 0.793ns (79.110%))
  Logic Levels:           1  (IBUF=1)
  Clock Path Skew:        2.359ns (DCD - SCD - CPR)
    Destination Clock Delay (DCD):    2.359ns
    Source Clock Delay      (SCD):    0.000ns
    Clock Pessimism Removal (CPR):    -0.000ns

    Location             Delay type                Incr(ns)  Path(ns)    Netlist Resource(s)
  -------------------------------------------------------------------    -------------------
    U18                                               0.000     0.000 f  btnC (IN)
                         net (fo=0)                   0.000     0.000    btnC
    U18                  IBUF (Prop_ibuf_I_O)         0.210     0.210 f  btnC_IBUF_inst/O
                         net (fo=29, routed)          0.793     1.003    u_top_vga/u_vga_timing/btnC_IBUF
    SLICE_X7Y30          FDCE                                         f  u_top_vga/u_vga_timing/vcount_reg[1]/CLR
  -------------------------------------------------------------------    -------------------

                         (clock clk_out rise edge)    0.000     0.000 r  
    W5                                                0.000     0.000 r  clk (IN)
                         net (fo=0)                   0.000     0.000    clk
    W5                   IBUF (Prop_ibuf_I_O)         0.414     0.414 r  clk_ibuf/O
                         net (fo=1, routed)           0.480     0.894    clk_in
    MMCME2_ADV_X1Y0      MMCME2_ADV (Prop_mmcme2_adv_CLKIN1_CLKOUT0)
                                                      0.053     0.947 r  clk_in_mmcme2/CLKOUT0
                         net (fo=2, routed)           0.530     1.477    clk_out
    BUFGCTRL_X0Y0        BUFGCTRL (Prop_bufgctrl_I0_O)
                                                      0.029     1.506 r  clk_out_bufgce/O
                         net (fo=41, routed)          0.854     2.359    u_top_vga/u_vga_timing/CLK
    SLICE_X7Y30          FDCE                                         r  u_top_vga/u_vga_timing/vcount_reg[1]/C





